SeniorCitizen,Partner,Dependents,tenure,PhoneService,PaperlessBilling,MonthlyCharges,TotalCharges,gender_Male,MultipleLines_No phone service,MultipleLines_Yes,InternetService_Fiber optic,InternetService_No,OnlineSecurity_No internet service,OnlineSecurity_Yes,OnlineBackup_No internet service,OnlineBackup_Yes,DeviceProtection_No internet service,DeviceProtection_Yes,TechSupport_No internet service,TechSupport_Yes,StreamingTV_No internet service,StreamingTV_Yes,StreamingMovies_No internet service,StreamingMovies_Yes,Contract_One year,Contract_Two year,PaymentMethod_Credit card (automatic),PaymentMethod_Electronic check,PaymentMethod_Mailed check,actual_churn,predicted_churn,churn_probability,MonthlyCharges_actual
0,1,1,1.6084834273893616,1,1,1.6299763471022684,2.7068275180093,True,False,True,True,False,False,True,False,True,False,True,False,True,False,True,False,True,False,True,True,False,False,0,0,0.04641329949183433,114.05
1,0,0,-0.9966836022806536,1,1,1.1687252637656007,-0.6102604053986738,False,False,True,True,False,False,False,False,False,False,False,False,True,False,True,False,True,False,False,True,False,False,0,1,0.6841932482507924,100.15
0,1,1,0.346605647392948,1,1,0.44532428414406383,0.40011606796125293,False,False,True,False,False,False,True,False,True,False,True,False,False,False,True,False,False,True,False,True,False,False,0,0,0.06030139825108828,78.35
0,1,0,-0.5896262538947137,1,0,0.44034675446776916,-0.3644510551386555,True,False,False,True,False,False,False,False,False,False,True,False,True,False,False,False,False,False,False,False,True,False,0,1,0.39859273504946385,78.2
0,1,0,1.6084834273893616,1,1,0.5880134681978536,1.5884213016397044,False,False,True,False,False,False,True,False,True,False,True,False,False,False,True,False,True,False,True,True,False,False,0,0,0.021831712399062737,82.65
0,0,0,-0.4675090493789317,1,1,1.1587702044130104,-0.13461360839428288,False,False,True,True,False,False,False,False,True,False,False,False,False,False,True,False,True,False,False,True,False,False,0,1,0.6035122580671505,99.85
0,0,0,-0.4675090493789317,1,1,1.135541732590301,-0.1504758147703979,False,False,False,True,False,False,False,False,True,False,False,False,True,False,True,False,True,False,False,False,False,False,0,1,0.4458760443958309,99.15
0,0,1,-0.5489205190561197,1,1,-1.3548822821159523,-0.8162058151532963,True,False,True,False,True,True,False,True,False,True,False,True,False,True,False,True,False,False,False,True,False,False,0,0,0.12874291725206946,24.1
0,1,1,1.1607203441648277,1,0,-1.4992306427285067,-0.43340667704754854,False,False,False,False,True,True,False,True,False,True,False,True,False,True,False,True,False,False,True,True,False,False,0,0,0.0029006846335955204,19.75
1,0,0,-0.6303319887333076,1,1,-0.6596873039934208,-0.6707912869916218,True,False,False,False,False,False,False,False,False,False,False,False,False,False,False,False,False,False,False,False,True,False,1,1,0.3957305499278012,45.05
0,1,1,1.5270719577121736,1,1,1.3645080976998696,2.3057089576019534,True,False,True,True,False,False,True,False,True,False,False,False,False,False,True,False,True,False,False,False,True,False,0,0,0.2661079255889996,106.05
1,1,0,1.6084834273893616,1,1,1.6565231720425082,2.6408995371514496,False,False,True,True,False,False,True,False,True,False,True,False,True,False,True,False,True,False,True,False,False,False,0,0,0.06326762063868896,114.85
0,0,0,0.6722515261016999,0,1,-1.1524627419466233,-0.3713180960732669,True,True,False,False,False,False,False,False,False,False,True,False,False,False,False,False,False,False,False,False,False,False,0,0,0.12685793412221363,30.2
1,0,0,-0.8745663977648716,1,1,0.659358060224748,-0.6110063459474814,False,False,True,True,False,False,False,False,False,False,False,False,False,False,False,False,True,False,False,True,False,False,1,1,0.6859485581343954,84.8
0,0,1,-0.5489205190561197,1,0,-0.5352490620860464,-0.5904710414273655,False,False,False,False,False,False,False,False,False,False,False,False,True,False,False,False,False,False,False,False,False,True,0,0,0.1278104495336905,48.8
0,1,1,1.6084834273893616,1,1,0.6494030008721581,1.6812250816825351,True,False,True,True,False,False,False,False,False,False,False,False,False,False,False,False,True,False,True,True,False,False,0,0,0.05889734357788382,84.5
0,1,1,-0.9966836022806536,1,0,-1.5075265255223318,-0.9390007931437748,False,False,False,False,True,True,False,True,False,True,False,True,False,True,False,True,False,False,True,False,False,False,0,0,0.03325391083376318,19.5
0,0,1,-0.7117434584104956,1,1,0.8650959535116071,-0.381432172337982,True,False,True,True,False,False,False,False,True,False,False,False,False,False,True,False,False,False,False,False,True,False,0,1,0.6384222568061709,91.0
0,1,0,1.4049547531963917,1,1,1.352893861788515,1.9822779114101299,False,False,True,True,False,False,False,False,True,False,True,False,False,False,True,False,True,True,False,False,False,False,0,0,0.18024552990843828,105.7
0,1,0,-0.2639803751859618,0,0,-0.9799083798350643,-0.5795232669022184,False,True,False,False,False,False,True,False,False,False,True,False,False,False,False,False,False,True,False,True,False,False,0,0,0.08557701885005183,35.4
1,0,0,-1.2409180113122174,1,1,0.3291819250305144,-0.9402952193902351,True,False,True,True,False,False,False,False,False,False,False,False,False,False,False,False,False,False,False,False,False,True,1,1,0.7255486463960636,74.85
0,1,0,-0.4675090493789317,0,0,-1.208874744944633,-0.732770170826373,False,True,False,False,False,False,True,False,False,False,False,False,False,False,False,False,False,False,False,False,True,False,0,0,0.2645240331293875,28.5
0,1,0,0.6722515261016999,1,1,-1.4892755833759168,-0.6038760318779968,False,False,False,False,True,True,False,True,False,True,False,True,False,True,False,True,False,True,False,False,False,False,0,0,0.016808510991411438,20.05
0,1,1,-0.4675090493789317,1,0,-1.497571466169742,-0.8553018756819782,True,False,False,False,True,True,False,True,False,True,False,True,False,True,False,True,False,True,False,False,False,True,0,0,0.03685591533165667,19.8
0,1,0,0.7536629957788878,1,0,0.14003579733130567,0.5924809718419956,False,False,False,True,False,False,False,False,False,False,False,False,False,False,False,False,False,False,False,False,False,True,0,0,0.17944365523600792,69.15
1,1,0,-0.6710377235719016,1,1,-0.3444437578280723,-0.6468773105739657,True,False,False,False,False,False,True,False,True,False,False,False,False,False,False,False,False,False,False,False,False,False,0,0,0.21065034209461225,54.55
0,0,0,-0.4268033145403377,1,0,0.8070247739548323,-0.17177899926722745,False,False,False,True,False,False,False,False,False,False,False,False,False,False,True,False,True,False,False,False,True,False,1,1,0.5710344147975394,89.25
0,1,0,-0.7931549280876836,1,1,1.2384106792337304,-0.41260809939255944,True,False,True,True,False,False,False,False,False,False,True,False,False,False,True,False,True,False,False,True,False,False,1,1,0.6934320355671553,102.25
0,0,1,0.428017117070136,1,1,-1.3216987509406526,-0.5393521744061371,False,False,True,False,True,True,False,True,False,True,False,True,False,True,False,True,False,False,True,False,True,False,0,0,0.01926222093816325,25.1
0,0,0,-1.2002122764736234,1,1,0.8136614801898924,-0.90341504108007,False,False,False,True,False,False,False,False,False,False,False,False,False,False,True,False,True,False,False,False,True,False,1,1,0.7761437973358358,89.45
1,0,0,0.8757802002946699,1,1,0.8335715988950722,1.155095661066193,True,False,True,True,False,False,False,False,True,False,False,False,False,False,False,False,True,False,False,False,True,False,0,1,0.44302599421153793,90.05
0,0,1,-1.2816237461508113,0,0,-1.3515639289984223,-0.9983030667739811,True,True,False,False,False,False,False,False,False,False,False,False,False,False,False,False,False,False,False,False,False,True,0,1,0.4347172037360782,24.2
0,1,1,1.4863662228735797,1,1,-1.472683817788267,-0.39325752397937347,True,False,False,False,True,True,False,True,False,True,False,True,False,True,False,True,False,True,False,True,False,False,0,0,0.00540056130678865,20.55
0,0,0,1.2014260790034217,1,0,-1.3781107539386623,-0.3816076877612308,True,False,True,False,True,True,False,True,False,True,False,True,False,True,False,True,False,False,True,False,False,False,0,0,0.004903031355903545,23.4
0,0,0,-1.2409180113122174,1,1,0.8451858348064274,-0.9351175144043941,False,False,False,True,False,False,False,False,False,False,False,False,False,False,True,False,True,False,False,False,True,False,1,1,0.779553872483036,90.4
1,1,1,1.2014260790034217,1,1,1.034331962505636,1.6323001574519176,False,False,True,True,False,False,False,False,True,False,True,False,False,False,False,False,True,False,False,True,False,False,0,0,0.25249537583883397,96.1
1,0,0,-1.2409180113122174,1,0,-0.6630056571109506,-0.971558904156437,True,False,False,False,False,False,False,False,False,False,False,False,False,False,False,False,False,False,False,False,False,True,1,1,0.3780071253562202,44.95
0,1,1,1.4863662228735797,1,0,-1.4942531130522119,-0.41361731307624033,True,False,False,False,True,True,False,True,False,True,False,True,False,True,False,True,False,False,True,False,False,False,0,0,0.002025894372841133,19.9
0,0,0,-1.2816237461508113,1,1,0.31756768911915967,-0.9762320023004377,False,False,True,True,False,False,False,False,False,False,False,False,False,False,False,False,False,False,False,False,True,False,1,1,0.7599307313889004,74.5
0,0,0,-0.06045170099299184,1,1,-0.3212152860053623,-0.25611416013830113,True,False,False,False,False,False,False,False,False,False,True,False,True,False,False,False,False,False,False,False,True,False,1,0,0.18350097700817486,55.25
1,0,0,1.4863662228735797,1,0,-1.480979700582092,-0.41379282849948923,True,False,False,False,True,True,False,True,False,True,False,True,False,True,False,True,False,False,True,True,False,False,0,0,0.0028012224204985335,20.3
0,1,0,-1.2409180113122174,1,1,0.8800285425404921,-0.9336914515904972,True,False,True,True,False,False,False,False,False,False,True,False,False,False,True,False,False,False,False,False,True,False,0,1,0.7878199634263566,91.45
0,0,0,0.020959768684196134,1,1,0.1815152113004305,0.0468473998171247,False,False,False,True,False,False,False,False,False,False,False,False,False,False,False,False,False,False,False,False,False,False,0,0,0.3461019508813522,70.4
0,1,0,-1.2002122764736234,1,1,-1.5042081724048018,-0.9846786820442888,False,False,False,False,True,True,False,True,False,True,False,True,False,True,False,True,False,False,False,False,False,True,0,0,0.24171969843083543,19.6
0,0,0,0.46872285190873,1,0,0.01559755542393127,0.20851904405722427,True,False,False,False,False,False,True,False,False,False,False,False,True,False,True,False,False,True,False,False,True,False,0,0,0.04166862712075125,65.4
0,0,0,-0.9152721326034655,1,1,1.4989013989598339,-0.5511336471917164,True,False,False,True,False,False,True,False,True,False,True,False,True,False,True,False,True,False,False,False,True,False,1,1,0.5154447966202023,110.1
0,0,0,-0.9966836022806536,1,1,0.34245533750063456,-0.7558723884115032,False,False,True,True,False,False,False,False,False,False,False,False,False,False,False,False,False,False,False,False,True,False,0,1,0.7106991476342671,75.25
0,0,0,-0.9966836022806536,1,1,0.05707696939305607,-0.780334850526812,True,False,False,False,False,False,False,False,True,False,False,False,True,False,True,False,False,False,False,False,True,False,0,1,0.372378430933674,66.65
0,1,1,1.4863662228735797,1,1,-1.4793205240233267,-0.37590343650564306,False,False,False,False,True,True,False,True,False,True,False,True,False,True,False,True,False,True,False,True,False,False,0,0,0.005356579931425026,20.35
0,0,0,-0.38609757970174374,1,0,0.3540695734119893,-0.23726819156695564,False,False,True,True,False,False,False,False,False,False,False,False,False,False,False,False,False,False,False,False,False,False,1,1,0.4091426644972335,75.6
0,0,0,1.3642490183577978,1,0,-1.3216987509406526,-0.2639904147565934,True,False,True,False,True,True,False,True,False,True,False,True,False,True,False,True,False,False,True,False,False,True,0,0,0.004496039775942047,25.1
0,1,1,-1.2816237461508113,1,1,1.2450473854687905,-0.9639678621009242,False,False,True,True,False,False,True,False,False,False,True,False,False,False,True,False,True,False,False,False,True,False,1,1,0.7219033086127233,102.45
0,0,0,-1.2002122764736234,1,0,-1.4925939364934466,-0.9834720135094529,False,False,False,False,True,True,False,True,False,True,False,True,False,True,False,True,False,False,False,False,False,True,0,0,0.17588124808614355,19.95
0,0,1,-1.1188008067964355,1,1,-0.4622452935003867,-0.8830771914111092,False,False,False,False,False,False,False,False,False,False,False,False,True,False,False,False,False,False,False,False,False,True,0,0,0.2653562406902947,51.0
0,0,1,-1.2816237461508113,1,0,-0.4556085872653266,-0.9864557757046835,False,False,False,False,False,False,True,False,False,False,False,False,False,False,False,False,False,False,False,False,False,True,0,0,0.21494283315676055,51.2
0,0,0,-0.9559778674420595,1,1,0.42209581232135435,-0.695560901097616,False,False,False,True,False,False,False,False,False,False,False,False,False,False,True,False,False,False,False,False,False,False,1,1,0.6136538690169135,77.65
0,1,1,0.14307697319997809,1,1,-0.04081444757407856,-0.048632990430251134,True,False,False,False,False,False,True,False,False,False,True,False,False,False,False,False,True,True,False,True,False,False,0,0,0.06017528496603789,63.7
0,1,1,1.4456604880349857,1,1,0.6825865320474579,1.4906811503179995,True,False,True,True,False,False,True,False,True,False,False,False,False,False,False,False,False,True,False,False,False,False,0,0,0.0547433569123498,85.5
0,1,1,0.1023712383613841,0,0,-0.7973989583709151,-0.40181390086275504,False,True,False,False,False,False,False,False,False,False,False,False,True,False,True,False,False,True,False,False,False,True,0,0,0.07224332576031195,40.9
0,1,1,1.1200146093262338,1,0,-1.472683817788267,-0.48015959791546164,True,False,False,False,True,True,False,True,False,True,False,True,False,True,False,True,False,False,True,False,False,True,0,0,0.003326575464078179,20.55
0,1,1,1.6084834273893616,1,0,0.3192268656779245,1.3739853332854182,False,False,True,False,False,False,True,False,True,False,False,False,True,False,True,False,False,False,True,False,False,True,0,0,0.0067366296878917965,74.55
0,0,0,0.5094285867473239,1,1,-1.477661347464562,-0.600650935975799,True,False,False,False,True,True,False,True,False,True,False,True,False,True,False,True,False,True,False,False,True,False,1,0,0.029975943626796956,20.4
0,1,1,0.18378270803857208,1,0,0.8717326597466671,0.4160660320489926,True,False,False,True,False,False,False,False,False,False,False,False,False,False,True,False,True,True,False,True,False,False,0,0,0.18501396105250384,91.2
0,1,1,-1.0373893371192475,1,0,-0.4722003528529765,-0.8551921785424477,False,False,False,False,False,False,True,False,False,False,False,False,False,False,False,False,False,False,False,False,False,True,0,0,0.18195331109184026,50.7
0,0,0,-1.1595065416350294,1,0,-0.4722003528529765,-0.9425330410366579,False,False,False,False,False,False,False,False,True,False,False,False,False,False,False,False,False,False,False,True,False,False,1,0,0.2611417008000222,50.7
0,0,0,-1.2816237461508113,1,1,-0.33282952191671733,-0.9848322580396315,False,False,False,False,False,False,True,False,True,False,False,False,False,False,False,False,False,False,False,False,True,False,1,1,0.3693399219829199,54.9
0,0,0,-1.1595065416350294,1,1,-0.1503201004525682,-0.8895054437875983,False,False,False,False,False,False,True,False,True,False,False,False,True,False,False,False,False,False,False,False,False,True,1,0,0.208570654704082,60.4
0,1,0,-0.5896262538947137,1,1,-0.5103614137045716,-0.6235118198539621,True,False,False,False,False,False,False,False,False,False,True,False,False,False,False,False,False,False,False,False,False,True,1,0,0.28441827383394575,49.55
0,0,0,-0.8338606629262776,1,0,0.3026351000902746,-0.6260129146352582,False,False,True,False,False,False,False,False,False,False,False,False,True,False,True,False,True,True,False,False,False,True,1,0,0.2108721289374814,74.05
0,1,1,-1.2816237461508113,1,1,0.5017362871420736,-0.9737967258028598,False,False,False,True,False,False,False,False,False,False,False,False,False,False,True,False,False,False,False,False,False,True,1,1,0.6377891658638163,80.05
0,1,1,1.6084834273893616,1,0,-1.3250171040581826,-0.24591232616196154,True,False,True,False,True,True,False,True,False,True,False,True,False,True,False,True,False,False,True,False,False,False,0,0,0.002517353003145619,25.0
0,1,0,0.387311382231542,1,0,-1.4826388771408567,-0.6423139095694954,True,False,False,False,True,True,False,True,False,True,False,True,False,True,False,True,False,False,True,False,True,False,0,0,0.013060626654723306,20.25
1,0,0,-0.3453918448631497,1,1,0.3706613389996392,-0.25740858638476144,True,False,True,True,False,False,False,False,False,False,False,False,False,False,False,False,False,False,False,False,True,False,1,1,0.6220662578613754,76.1
0,1,1,-0.2639803751859618,1,0,0.46523440284924406,-0.11631612552058997,True,False,False,True,False,False,False,False,False,False,False,False,False,False,False,False,True,True,False,False,False,False,0,0,0.203421069131882,78.95
0,1,1,1.4456604880349857,1,1,0.2677923923562099,1.2565435757040297,False,False,True,False,False,False,True,False,True,False,True,False,False,False,True,False,False,True,False,True,False,False,0,0,0.026777718196239163,73.0
0,0,0,-0.6303319887333076,1,0,-1.4942531130522119,-0.8671272273233697,False,False,False,False,True,True,False,True,False,True,False,True,False,True,False,True,False,True,False,False,False,False,0,0,0.04905730700614589,19.9
0,1,1,1.0793088744876398,1,1,1.5320849301351338,1.8674250063216618,True,False,True,True,False,False,True,False,True,False,False,False,True,False,True,False,True,False,True,False,False,True,0,0,0.06386304929996808,111.1
0,1,1,-0.7931549280876836,1,1,0.31424933600162985,-0.6154381103845149,True,False,True,True,False,False,False,False,False,False,False,False,False,False,False,False,False,False,False,True,False,False,1,1,0.533142505768221,74.4
0,0,0,-1.2409180113122174,1,1,-1.4760021709057967,-0.9902951755882521,False,False,False,False,True,True,False,True,False,True,False,True,False,True,False,True,False,False,False,False,False,True,0,0,0.24407680787707753,20.45
0,1,0,1.4049547531963917,1,0,-1.5025489958460367,-0.42305126707586616,False,False,False,False,True,True,False,True,False,True,False,True,False,True,False,True,False,False,True,False,False,True,0,0,0.002986402388351398,19.65
0,0,0,-0.6303319887333076,1,0,-1.4892755833759168,-0.8606550960910682,False,False,False,False,True,True,False,True,False,True,False,True,False,True,False,True,False,True,False,True,False,False,0,0,0.048138405546404084,20.05
0,1,0,1.5677776925507676,1,1,0.5033954637008385,1.4418878626548182,True,False,True,False,False,False,True,False,True,False,True,False,True,False,False,False,True,False,True,False,False,True,0,0,0.01287151900347597,80.1
0,1,1,-0.6303319887333076,1,0,1.1172907904438856,-0.26080919771020794,False,False,False,True,False,False,False,False,False,False,True,False,True,False,True,False,True,True,False,False,False,False,1,0,0.23205603643759082,98.6
0,0,0,-1.2816237461508113,1,1,0.8169798333074222,-0.9696282345006996,True,False,False,True,False,False,False,False,False,False,False,False,False,False,True,False,True,False,False,False,True,False,1,1,0.7907846863613047,89.55
0,1,1,-1.0780950719578415,1,0,-1.5008898192872717,-0.9674781705659012,False,False,False,False,True,True,False,True,False,True,False,True,False,True,False,True,False,True,False,False,False,True,0,0,0.07084823400159972,19.7
0,1,0,1.1607203441648277,1,1,1.6316355236610331,2.120584064930225,True,False,True,True,False,False,False,False,True,False,True,False,True,False,True,False,True,False,False,False,True,False,0,1,0.38536499166680777,114.1
0,0,0,-1.0780950719578415,1,1,0.29599839385521454,-0.8328359015061251,False,False,True,True,False,False,False,False,False,False,False,False,False,False,False,False,False,False,False,False,False,True,0,1,0.6617876123102475,73.85
1,0,0,-1.2816237461508113,0,0,-1.3233579274994176,-0.9979300964995771,False,True,False,False,False,False,False,False,False,False,False,False,False,False,False,False,False,False,False,False,False,True,1,1,0.5195498424632291,25.05
0,1,1,-0.4675090493789317,1,1,1.2566616213801451,-0.08301207395912012,False,False,False,True,False,False,False,False,True,False,True,False,True,False,True,False,True,False,False,False,True,False,1,1,0.49586827326184973,102.8
0,1,0,1.1200146093262338,1,1,1.522129870782544,1.9049414280411041,False,False,True,True,False,False,False,False,True,False,True,False,True,False,True,False,True,False,True,True,False,False,0,0,0.0974034681494913,110.8
1,0,0,-0.5082147842175256,1,1,0.6925415914000478,-0.25091451572455387,False,False,True,True,False,False,False,False,False,False,False,False,False,False,False,False,True,False,False,True,False,False,1,1,0.6213447362210696,85.8
0,1,0,-0.4268033145403377,1,0,1.0276952562705766,-0.028251261905478196,True,False,True,True,False,False,True,False,False,False,False,False,True,False,True,False,False,False,False,True,False,False,0,0,0.31602452067619247,95.9
0,0,0,0.30589991255435406,1,1,-1.4710246412295018,-0.6459119757460969,False,False,False,False,True,True,False,True,False,True,False,True,False,True,False,True,False,False,True,False,False,False,0,0,0.013503043670210216,20.6
0,0,0,-0.38609757970174374,1,1,0.33250027814804467,-0.2583958606405362,True,False,True,True,False,False,False,False,False,False,False,False,False,False,False,False,False,False,False,False,True,False,1,1,0.6032128029133352,74.95
0,0,1,-1.2816237461508113,1,0,-0.6298221259356508,-0.9887594156348246,False,False,False,False,False,False,False,False,False,False,False,False,False,False,False,False,False,False,False,False,False,True,1,0,0.2960486783122545,45.95
0,0,0,0.5501343215859179,0,0,-0.8853353159854597,-0.23869425438085257,True,True,False,False,False,False,True,False,False,False,True,False,True,False,False,False,False,False,True,False,False,True,0,0,0.016549870680932097,38.25
0,1,1,-1.1188008067964355,1,0,0.16658262227154547,-0.8683338958582055,False,False,False,True,False,False,False,False,False,False,False,False,False,False,False,False,False,False,False,True,False,False,0,1,0.4307529545450196,69.95
1,0,0,1.4456604880349857,1,1,-1.4909347599346818,-0.39637292274204056,True,False,False,False,True,True,False,True,False,True,False,True,False,True,False,True,False,False,True,True,False,False,0,0,0.0043394169287308505,20.0
1,0,0,-1.2816237461508113,0,1,-1.3183803978231226,-0.9978642782158589,False,True,False,False,False,False,False,False,False,False,False,False,False,False,False,False,False,False,False,False,True,False,1,1,0.6815879498740036,25.2
0,1,0,-1.2409180113122174,1,0,-1.4876164068171518,-0.9899880235975665,False,False,False,False,True,True,False,True,False,True,False,True,False,True,False,True,False,False,False,False,False,False,0,0,0.1738293629417838,20.1
1,0,0,-0.7524491932490895,1,1,1.3246878602895098,-0.3369609519723039,False,False,True,True,False,False,False,False,True,False,True,False,False,False,True,False,True,False,False,False,True,False,1,1,0.7665433669895858,104.85
0,0,0,-0.9152721326034655,1,1,0.16824179883031035,-0.684218216870159,True,False,False,True,False,False,False,False,False,False,False,False,False,False,False,False,False,False,False,False,True,False,1,1,0.6397677038259137,70.0
0,0,1,-0.7931549280876836,1,1,0.443665107585299,-0.5552363202101583,True,False,False,True,False,False,False,False,False,False,False,False,False,False,True,False,False,False,False,True,False,False,0,1,0.5237612722636376,78.3
0,0,0,0.06166550352279012,1,1,1.488946339607244,0.5651225052430807,False,False,True,True,False,False,True,False,True,False,True,False,False,False,True,False,True,False,False,False,False,True,1,1,0.4395344613268966,109.8
0,1,1,-0.5896262538947137,1,0,-0.24821151741970257,-0.5741481070652223,True,False,False,False,False,False,False,False,False,False,True,False,False,False,False,False,True,False,False,False,True,False,1,0,0.28183009562196126,57.45
0,1,1,1.5677776925507676,1,0,-1.5008898192872717,-0.4380139569078309,True,False,False,False,True,True,False,True,False,True,False,True,False,True,False,True,False,False,True,True,False,False,0,0,0.0017738824168143654,19.7
0,1,0,1.5270719577121736,1,1,1.512174811429954,2.3925890921101356,False,False,True,True,False,False,False,False,True,False,True,False,True,False,True,False,True,False,True,False,True,False,0,0,0.11280701000983329,110.5
0,1,0,0.7943687306174818,1,1,-0.02090432886889884,0.48761050645080606,False,False,False,False,False,False,True,False,False,False,True,False,False,False,True,False,False,True,False,False,False,True,0,0,0.048196419093554876,64.3
0,1,1,1.4456604880349857,1,1,1.3379612727596297,2.1385743958132326,True,False,False,True,False,False,True,False,True,False,True,False,False,False,True,False,True,False,True,False,False,False,0,0,0.0463949902809826,105.25
0,1,1,0.22448844287716607,1,0,-1.5042081724048018,-0.6941787171395314,True,False,False,False,True,True,False,True,False,True,False,True,False,True,False,True,False,False,False,False,True,False,0,0,0.04520797580913895,19.6
0,1,1,1.0386031396490458,1,1,-1.3416088696458326,-0.3516603686693953,False,False,True,False,True,True,False,True,False,True,False,True,False,True,False,True,False,True,False,True,False,False,0,0,0.012730228765666627,24.5
0,0,0,-1.2002122764736234,1,0,0.8551408941590172,-0.9046436490428119,True,False,False,True,False,False,False,False,False,False,False,False,False,False,True,False,True,False,False,False,False,True,0,1,0.6361481267261058,90.7
0,1,0,-0.7524491932490895,1,0,-0.5352490620860464,-0.7173906318641922,True,False,False,False,False,False,False,False,False,False,False,False,True,False,False,False,False,False,False,False,False,False,0,0,0.17590505732976897,48.8
0,0,0,-1.2409180113122174,0,1,-1.3283354571757127,-0.9871139585418667,True,True,False,False,False,False,False,False,False,False,False,False,False,False,False,False,False,False,False,True,False,False,0,1,0.5446422641869765,24.9
0,1,0,-1.2816237461508113,0,1,-1.3316538102932427,-0.9980397936391076,False,True,False,False,False,False,False,False,False,False,False,False,False,False,False,False,False,False,False,False,True,False,1,1,0.6550923437392767,24.8
1,0,0,1.6084834273893616,1,1,1.4093058647865246,2.391141089868332,False,False,True,True,False,False,True,False,True,False,True,False,True,False,False,False,True,False,True,False,False,False,0,0,0.042754939762502144,107.4
0,0,0,-1.2002122764736234,1,1,-0.7177584835501956,-0.9546655446687349,True,False,False,False,False,False,False,False,False,False,False,False,False,False,False,False,False,False,False,False,True,False,1,1,0.5056212094773016,43.3
0,0,0,-0.7931549280876836,1,1,0.5000771105833088,-0.5572547475775202,False,False,True,True,False,False,True,False,False,False,False,False,False,False,False,False,False,False,False,True,False,False,0,1,0.4778460909514824,80.0
1,1,1,1.6084834273893616,1,1,1.2998002119080347,2.2590437944456645,True,False,False,True,False,False,True,False,False,False,True,False,True,False,True,False,True,False,True,True,False,False,0,0,0.03827580426893762,104.1
0,1,0,1.0386031396490458,1,0,-1.466047111553207,-0.4885404593755943,True,False,False,False,True,True,False,True,False,True,False,True,False,True,False,True,False,False,True,False,False,True,0,0,0.004580946987477845,20.75
1,1,0,1.5677776925507676,1,1,1.0144218438004564,1.9340989277283194,True,False,False,True,False,False,False,False,True,False,True,False,True,False,False,False,True,False,True,True,False,False,0,0,0.04289478571666863,95.5
0,0,0,-1.2816237461508113,1,0,0.3789572217934642,-0.9754202434679118,False,False,False,True,False,False,False,False,False,False,True,False,False,False,False,False,False,False,False,False,True,False,1,1,0.6038020303355722,76.35
0,1,1,0.8757802002946699,1,0,0.875051012864197,1.1696634411958478,False,False,True,False,False,False,True,False,True,False,True,False,True,False,True,False,True,False,True,True,False,False,0,0,0.015735178885394194,91.3
0,0,1,0.26519417771576004,0,0,-0.6596873039934208,-0.22322695770704742,True,True,False,False,False,False,True,False,False,False,False,False,True,False,True,False,False,True,False,False,False,False,0,0,0.04069224518994111,45.05
0,0,0,-1.2816237461508113,1,1,0.18815191753549007,-0.9779432776771141,False,False,False,True,False,False,False,False,False,False,False,False,False,False,False,False,False,False,False,False,True,False,1,1,0.7005930859102469,70.6
0,1,0,1.1607203441648277,1,1,0.5266239355235486,1.123963612867428,True,False,True,False,False,False,True,False,True,False,True,False,True,False,False,False,True,False,True,False,False,False,0,0,0.016487110654866736,80.8
0,1,1,-0.30468611002455576,1,1,0.8037064208373025,-0.018246882780293513,False,False,False,True,False,False,False,False,True,False,True,False,False,False,True,False,False,False,False,False,False,False,1,1,0.3911589861620613,89.15
0,0,0,0.18378270803857208,1,0,0.8717326597466671,0.47519279025594985,False,False,True,True,False,False,True,False,True,False,True,False,False,False,False,False,False,False,False,False,False,False,0,0,0.20420686803187837,91.2
1,0,0,-0.2639803751859618,1,1,0.873391836305432,0.023021181111093064,False,False,False,True,False,False,False,False,False,False,False,False,False,False,True,False,True,False,False,False,True,False,1,1,0.6627026545534381,91.25
0,0,0,-0.9152721326034655,1,0,-1.4992306427285067,-0.9175440326516026,True,False,False,False,True,True,False,True,False,True,False,True,False,True,False,True,False,False,False,True,False,False,0,0,0.12486125398227095,19.75
0,0,0,-1.2816237461508113,1,0,-1.477661347464562,-0.999970463294845,False,False,False,False,True,True,False,True,False,True,False,True,False,True,False,True,False,False,False,False,False,True,1,0,0.18879879849238096,20.4
1,1,0,-0.3453918448631497,0,1,-0.8056948411647401,-0.599400388585151,False,True,False,False,False,False,False,False,False,False,True,False,False,False,False,False,True,False,False,True,False,False,1,1,0.3941333038248284,40.65
1,0,0,1.3235432835192036,1,1,1.5071972817536587,2.1706059605561485,True,False,True,True,False,False,True,False,False,False,True,False,True,False,True,False,True,False,True,False,True,False,0,0,0.11613241468977518,110.35
0,0,0,-0.38609757970174374,1,1,-0.0009942101637186523,-0.346438784827742,True,False,False,False,False,False,False,False,False,False,False,False,False,False,True,False,True,True,False,False,False,False,0,0,0.20702707538513018,64.9
0,0,0,0.6722515261016999,1,1,0.04048520380540615,0.394762847552163,True,False,True,False,False,False,False,False,False,False,False,False,True,False,True,False,False,False,True,False,False,False,0,0,0.03760319081551993,66.15
1,0,0,0.387311382231542,1,0,-0.30794187353524244,0.0537144407517361,False,False,True,False,False,False,False,False,False,False,True,False,False,False,False,False,False,False,False,False,True,False,0,0,0.18478530820233535,55.65
0,0,0,-0.9966836022806536,1,0,-1.462728758435677,-0.9379915794600939,False,False,False,False,True,True,False,True,False,True,False,True,False,True,False,True,False,False,True,False,False,True,0,0,0.042938444880801674,20.85
0,0,0,-0.1825689055087738,1,0,-0.34112540471054226,-0.34306011293020156,False,False,False,False,False,False,False,False,True,False,False,False,True,False,False,False,False,False,False,False,False,False,0,0,0.09185180344875525,54.65
0,0,0,1.5677776925507676,1,0,0.5199872292884885,1.495771097592216,True,False,True,False,False,False,True,False,True,False,True,False,True,False,False,False,True,False,True,False,False,False,0,0,0.008183641074180762,80.6
0,1,1,1.4863662228735797,1,1,1.145496791942891,2.065932950016114,True,False,True,True,False,False,False,False,False,False,True,False,False,False,True,False,True,False,False,True,False,False,1,0,0.28406412757781396,99.45
0,1,1,1.4456604880349857,1,1,1.6515456423662134,2.4355026130944797,True,False,True,True,False,False,True,False,True,False,True,False,True,False,True,False,True,False,True,False,False,False,0,0,0.049724892176140074,114.7
0,1,0,1.2828375486806096,1,1,1.342938802435925,1.9725368054198182,False,False,True,True,False,False,False,False,True,False,False,False,True,False,True,False,True,False,True,False,False,False,0,0,0.089156894950816,105.4
1,0,0,-1.2002122764736234,1,0,0.3358186312655745,-0.919891551437556,False,False,False,True,False,False,False,False,False,False,True,False,False,False,False,False,False,False,False,False,False,True,0,1,0.5511752312848421,75.05
0,1,1,1.3642490183577978,1,1,-0.5153389433808665,0.41795282284891766,False,False,False,False,False,False,False,False,False,False,False,False,True,False,False,False,False,True,False,True,False,False,0,0,0.014878104327410518,49.4
0,0,0,-0.1825689055087738,1,0,-1.5490059394914566,-0.7743015078526326,True,False,False,False,True,True,False,True,False,True,False,True,False,True,False,True,False,True,False,True,False,False,0,0,0.030669992639288036,18.25
0,1,0,1.4049547531963917,1,1,1.5304257535763688,2.2034712235594967,True,False,False,True,False,False,True,False,True,False,True,False,True,False,True,False,True,False,True,False,True,False,0,0,0.06253195357876389,111.05
0,1,0,0.5501343215859179,1,0,-1.5042081724048018,-0.6354249292069779,True,False,False,False,True,True,False,True,False,True,False,True,False,True,False,True,False,False,False,False,True,False,0,0,0.03908320491091855,19.6
0,1,0,0.9164859351332638,1,1,1.0559012577695812,1.2898476272654995,True,False,True,True,False,False,True,False,True,False,False,False,False,False,True,False,False,False,False,False,True,False,1,0,0.3130610381303717,96.75
0,0,0,-0.4268033145403377,1,1,0.1582867394777205,-0.3549512828553113,True,False,False,True,False,False,False,False,False,False,False,False,False,False,False,False,False,False,False,False,False,True,0,1,0.4570558254852364,69.7
0,1,1,-0.5896262538947137,1,1,0.7622270068681777,-0.3505195184182778,True,False,False,True,False,False,True,False,False,False,True,False,False,False,True,False,False,False,False,False,False,True,0,1,0.4031677875822177,87.9
0,1,0,0.5501343215859179,0,0,-0.8139907239585651,-0.2003660738288843,True,True,False,False,False,False,True,False,False,False,True,False,True,False,False,False,False,False,True,True,False,False,0,0,0.015092584144950513,40.4
0,1,0,-0.9152721326034655,1,1,0.43868757790900426,-0.6731826846333874,False,False,True,True,False,False,True,False,False,False,False,False,False,False,False,False,False,False,False,True,False,False,0,1,0.5136294026431378,78.15
0,1,0,1.6084834273893616,1,1,1.1438376153841259,2.187960048029879,True,False,True,True,False,False,False,False,True,False,False,False,False,False,True,False,True,False,True,False,True,False,0,0,0.14012290713238512,99.4
0,0,0,-0.6710377235719016,1,0,-0.3195561094465974,-0.6248281855283285,True,False,True,False,False,False,False,False,True,False,False,False,False,False,False,False,False,False,False,False,True,False,0,0,0.31825993629702076,55.3
1,0,0,-1.2002122764736234,1,1,0.40052651705740927,-0.9045997701869997,True,False,True,True,False,False,False,False,False,False,False,False,False,False,False,False,False,False,False,False,True,False,1,1,0.7716140735086048,77.0
0,1,1,-0.4675090493789317,0,1,-1.290174396324118,-0.7606771231229404,True,True,False,False,False,False,False,False,False,False,False,False,False,False,False,False,False,False,False,False,True,False,0,1,0.3817926901150745,26.05
0,0,0,-1.1188008067964355,1,0,0.458597696614184,-0.8218442481251657,True,False,False,True,False,False,False,False,False,False,False,False,False,False,False,False,True,False,False,False,False,True,0,1,0.5769334119484594,78.75
0,0,0,-1.2816237461508113,0,0,-1.1607586247404482,-0.9957800325647788,False,True,False,False,False,False,False,False,True,False,False,False,False,False,False,False,False,False,False,False,False,False,1,1,0.42042611494068477,29.95
0,0,0,-1.2816237461508113,1,1,-0.6480730680820658,-0.9890007493417917,False,False,False,False,False,False,False,False,False,False,False,False,False,False,False,False,False,False,False,False,False,True,1,1,0.4360558297203881,45.4
1,1,0,0.14307697319997809,1,1,0.6742906492536329,0.3656931055765718,True,False,True,True,False,False,False,False,False,False,False,False,False,False,False,False,True,False,False,True,False,False,1,1,0.5132848475964141,85.25
0,1,0,1.2828375486806096,1,1,1.29814103534927,1.8895180102231113,True,False,False,True,False,False,True,False,True,False,False,False,True,False,True,False,True,False,True,True,False,False,0,0,0.0448660106870571,104.05
1,1,0,-0.10115743583158582,1,0,0.3291819250305144,-0.05159481319757553,True,False,True,False,False,False,False,False,False,False,True,False,False,False,True,False,True,False,True,False,True,False,0,0,0.14854509769094756,74.85
0,1,1,1.6084834273893616,1,0,-1.5058673489635668,-0.3667766344967028,False,False,False,False,True,True,False,True,False,True,False,True,False,True,False,True,False,False,True,False,False,False,0,0,0.0017549286668039012,19.55
0,1,1,0.5501343215859179,1,1,-1.4876164068171518,-0.5978426892038174,True,False,False,False,True,True,False,True,False,True,False,True,False,True,False,True,False,False,True,False,False,True,0,0,0.009312960676502512,20.1
0,1,0,0.5094285867473239,1,1,1.0044667844478665,0.8716382525192959,False,False,False,True,False,False,False,False,False,False,False,False,True,False,True,False,True,False,True,True,False,False,0,0,0.11277866072367534,95.2
0,0,0,-1.2409180113122174,1,0,-1.469365464670737,-0.9919406326812101,False,False,False,False,True,True,False,True,False,True,False,True,False,True,False,True,False,False,False,False,False,True,1,0,0.18114060752150596,20.65
0,0,0,0.06166550352279012,1,0,-0.3295111687991873,-0.18173949953659976,False,False,False,False,False,False,True,False,True,False,False,False,False,False,False,False,False,True,False,False,False,True,0,0,0.04029407358997735,55.0
0,1,0,0.8757802002946699,1,0,1.3810998632875195,1.5199483471447457,False,False,True,True,False,False,True,False,True,False,False,False,False,False,True,False,True,True,False,False,False,False,1,0,0.13434527061320925,106.55
0,0,0,-0.4675090493789317,1,1,-1.4925939364934466,-0.8262101942784809,True,False,False,False,True,True,False,True,False,True,False,True,False,True,False,True,False,False,False,False,False,True,0,0,0.12047736991585768,19.95
0,1,0,1.3235432835192036,1,0,0.37232051555840456,1.1541083868104183,True,False,True,False,False,False,True,False,False,False,True,False,True,False,False,False,True,False,True,False,False,False,0,0,0.011153361833530011,76.15
0,1,0,-0.5082147842175256,1,1,0.1616050925952503,-0.3330337943771109,False,False,False,True,False,False,False,False,False,False,False,False,False,False,False,False,False,False,False,False,False,False,0,1,0.46507044955632787,69.8
0,0,0,-1.2816237461508113,1,1,0.48348534499565887,-0.974038059509827,True,False,False,True,False,False,False,False,False,False,False,False,False,False,True,False,False,False,False,False,True,False,1,1,0.7520764590558826,79.5
0,1,1,0.387311382231542,1,1,0.14833168012513065,0.33302529742437914,True,False,True,False,False,False,True,False,True,False,False,False,False,False,True,False,False,False,False,False,False,False,0,0,0.11898877912469968,69.4
0,0,0,-1.2816237461508113,1,0,-1.5108448786398618,-1.0004092518529673,True,False,False,False,True,True,False,True,False,True,False,True,False,True,False,True,False,False,False,False,False,True,1,0,0.19433115823835798,19.4
0,1,0,-0.5082147842175256,1,1,1.0492645515345211,-0.1744994883275846,False,False,False,True,False,False,True,False,True,False,False,False,True,False,True,False,False,False,False,False,True,False,0,1,0.3903277503440073,96.55
0,0,0,-0.8745663977648716,1,0,0.17487850506537042,-0.6754205062798103,True,False,False,True,False,False,False,False,False,False,False,False,False,False,False,False,False,False,False,False,True,False,0,1,0.5375574255646439,70.2
0,1,0,1.1607203441648277,1,0,-1.3150620447055927,-0.3266494208564338,False,False,True,False,True,True,False,True,False,True,False,True,False,True,False,True,False,False,True,False,False,False,0,0,0.005166062150759125,25.3
0,1,0,1.2828375486806096,1,0,-1.3250171040581826,-0.3135296429685821,False,False,True,False,True,True,False,True,False,True,False,True,False,True,False,True,False,False,True,True,False,False,0,0,0.004392814827417966,25.0
1,1,0,-0.30468611002455576,1,0,0.7788187724558276,-0.047470200751227445,False,False,False,True,False,False,False,False,True,False,True,False,False,False,False,False,True,False,False,False,False,False,0,1,0.38988314418172654,88.4
0,0,0,0.46872285190873,1,1,-0.49045129499939155,-0.07030914520148449,False,False,True,False,False,False,False,False,False,False,False,False,False,False,False,False,False,False,False,False,False,True,0,0,0.15648387301138908,50.15
0,1,0,-1.1188008067964355,1,0,0.16658262227154547,-0.8640557074165147,False,False,False,True,False,False,False,False,False,False,False,False,False,False,False,False,False,False,False,False,True,False,1,1,0.5899158835529782,69.95
1,1,1,0.631545791263106,0,0,-1.1624178012992135,-0.399554139788426,False,True,False,False,False,False,False,False,True,False,False,False,False,False,False,False,False,True,False,False,False,False,0,0,0.04106003769151871,29.9
0,0,0,-1.0780950719578415,1,1,0.33084110158927976,-0.802778885274759,True,False,True,True,False,False,False,False,False,False,False,False,False,False,False,False,False,False,False,False,True,False,1,1,0.7315037831309653,74.9
0,1,0,-1.1595065416350294,1,0,-0.4937696481169216,-0.9302250219813323,True,False,False,False,False,False,False,False,False,False,False,False,True,False,False,False,False,False,False,False,False,True,1,0,0.2530465101761004,50.05
0,1,1,1.6084834273893616,1,0,-1.4925939364934466,-0.42847030576867456,True,False,False,False,True,True,False,True,False,True,False,True,False,True,False,True,False,False,True,False,False,False,0,0,0.001723201969335906,19.95
0,0,0,0.8757802002946699,1,0,0.8120023036311275,1.1277591338951842,True,False,True,True,False,False,False,False,False,False,True,False,False,False,False,False,True,False,False,True,False,False,0,0,0.26090817154262086,89.4
0,1,1,1.3642490183577978,1,1,0.08362379433329585,0.9694222826968127,False,False,True,False,False,False,True,False,True,False,True,False,False,False,False,False,False,False,False,False,False,False,0,0,0.03818710322716156,67.45
0,0,0,-1.2002122764736234,1,1,-0.49874717779321653,-0.9518353584688473,True,False,False,False,False,False,False,False,True,False,False,False,False,False,False,False,False,False,False,False,False,True,1,1,0.38133920559233625,49.9
0,0,0,-0.5489205190561197,1,1,0.0139383788651659,-0.46840006455778854,True,False,False,False,False,False,False,False,True,False,False,False,True,False,False,False,True,True,False,False,False,False,0,0,0.1214854420905033,65.35
0,1,1,1.1607203441648277,1,1,0.5332606417586087,1.1745559336189093,True,False,True,False,False,False,False,False,False,False,True,False,True,False,True,False,True,False,True,False,False,False,0,0,0.03010196951675442,81.0
0,0,0,0.8757802002946699,1,0,0.8252757161012472,1.0389044508754526,True,False,False,True,False,False,True,False,False,False,True,False,False,False,True,False,False,False,False,False,False,True,0,0,0.1543792120394029,89.8
0,0,0,-1.2816237461508113,1,0,-0.4970880012344514,-0.9870042614023361,False,False,False,False,False,False,False,False,True,False,False,False,False,False,False,False,False,False,False,False,True,False,0,1,0.38115644243781516,49.95
1,0,0,-0.5489205190561197,1,1,0.4950995809070136,-0.3631346894642891,True,False,True,True,False,False,False,False,False,False,True,False,False,False,False,False,False,False,False,False,True,False,1,1,0.6622743139979774,79.85
0,1,0,-0.3453918448631497,1,0,-1.4992306427285067,-0.7969210580238285,True,False,False,False,True,True,False,True,False,True,False,True,False,True,False,True,False,False,True,False,False,True,0,0,0.022125099361044266,19.75
1,0,1,0.020959768684196134,1,1,1.3412796258771595,0.5115025434405562,False,False,True,True,False,False,False,False,True,False,True,False,False,False,True,False,True,False,False,False,False,False,0,1,0.5093744827908787,105.35
0,1,0,-0.06045170099299184,1,1,0.6278337056082129,0.1644646728217622,False,False,False,True,False,False,False,False,True,False,False,False,False,False,False,False,True,False,False,False,False,False,0,1,0.40628373502623594,83.85
0,1,0,1.0793088744876398,0,1,-0.6845749523748957,0.16121763749165838,True,True,False,False,False,False,False,False,False,False,False,False,False,False,True,False,True,False,False,False,True,False,0,0,0.22303896884440383,44.3
1,1,0,-0.5082147842175256,1,1,0.8650959535116071,-0.1929944260524325,False,False,False,True,False,False,False,False,False,False,False,False,False,False,True,False,True,True,False,False,False,False,0,1,0.4545904866125362,91.0
1,1,0,1.1200146093262338,1,1,1.1305642029140057,1.63166391404264,True,False,True,True,False,False,False,False,False,False,False,False,True,False,True,False,True,False,False,False,True,False,0,1,0.44265883659819594,99.0
0,0,1,-0.5896262538947137,1,1,0.5183280527297236,-0.3916998245980398,True,False,True,True,False,False,False,False,False,False,True,False,False,False,False,False,False,False,False,True,False,False,0,1,0.4776786599965103,80.55
0,0,1,-0.5489205190561197,1,1,-0.14368339421750811,-0.43946195914963393,False,False,False,False,False,False,True,False,True,False,True,False,False,False,False,False,False,False,False,False,True,False,0,0,0.19002465190951537,60.6
0,1,1,-0.3453918448631497,1,0,-1.5008898192872717,-0.8103479879023658,False,False,False,False,True,True,False,True,False,True,False,True,False,True,False,True,False,False,True,False,False,True,0,0,0.017261679166159914,19.7
0,1,1,-0.9559778674420595,1,0,-1.4826388771408567,-0.9332965418881871,False,False,False,False,True,True,False,True,False,True,False,True,False,True,False,True,False,True,False,False,False,True,0,0,0.06193560149648292,20.25
0,1,1,0.020959768684196134,1,0,-1.3499047524396575,-0.6409975438951291,False,False,True,False,True,True,False,True,False,True,False,True,False,True,False,True,False,False,False,False,False,False,0,0,0.05265615489063612,24.25
0,0,0,-1.2409180113122174,1,0,-1.5108448786398618,-0.9821337084071803,False,False,False,False,True,True,False,True,False,True,False,True,False,True,False,True,False,False,False,False,False,True,0,0,0.1848070260819826,19.4
0,1,0,1.4049547531963917,1,1,0.9364405455385019,1.785371545952823,True,False,True,True,False,False,False,False,True,False,True,False,False,False,False,False,True,False,True,False,True,False,0,0,0.11754826113860095,93.15
0,0,0,0.7943687306174818,1,1,-0.5037247074695115,0.10364857866603477,False,False,False,False,False,False,True,False,False,False,False,False,False,False,False,False,False,False,False,False,False,False,0,0,0.05794012740378549,49.75
0,0,0,-1.1188008067964355,1,1,-1.5025489958460367,-0.9685312631053943,False,False,False,False,True,True,False,True,False,True,False,True,False,True,False,True,False,False,False,True,False,False,0,0,0.2037632860994267,19.65
0,1,1,-1.2816237461508113,1,1,-1.5108448786398618,-1.0004092518529673,False,False,False,False,True,True,False,True,False,True,False,True,False,True,False,True,False,False,False,False,False,True,0,0,0.2188241985478353,19.4
0,0,0,1.4049547531963917,1,1,-1.497571466169742,-0.4335383136149852,True,False,False,False,True,True,False,True,False,True,False,True,False,True,False,True,False,False,True,False,False,True,0,0,0.004294611742439566,19.8
0,0,0,1.2421318138420157,1,0,1.1604293809717758,1.6839236313149861,False,False,True,True,False,False,False,False,True,False,False,False,False,False,True,False,True,True,False,False,False,False,1,0,0.1409733912205658,99.9
1,0,0,-1.2409180113122174,1,0,-0.4970880012344514,-0.9619274953056562,True,False,False,False,False,False,False,False,False,False,True,False,False,False,False,False,False,False,False,False,False,True,0,1,0.36883275420714484,49.95
1,1,0,-0.30468611002455576,1,1,0.8003880677197722,-0.05348160399750077,True,False,True,True,False,False,True,False,False,False,False,False,False,False,False,False,True,True,False,False,True,False,1,1,0.42965434748658365,89.05
0,0,0,-0.5489205190561197,1,1,-1.4925939364934466,-0.8450342234219204,True,False,False,False,True,True,False,True,False,True,False,True,False,True,False,True,False,False,True,False,False,True,0,0,0.03881684792987991,19.95
0,0,1,1.2014260790034217,1,0,-0.29135010794759253,0.521550801421553,True,False,False,False,False,False,True,False,True,False,False,False,False,False,False,False,False,True,False,False,False,False,0,0,0.010585149182404293,56.15
1,0,0,-0.38609757970174374,0,1,-1.0047960282165391,-0.6717346823915844,True,True,False,False,False,False,False,False,False,False,False,False,False,False,False,False,True,False,False,False,False,False,0,1,0.4162986584987562,34.65
0,1,0,1.5270719577121736,1,0,0.0006649663950462456,0.975828595645396,True,False,False,False,False,False,True,False,True,False,True,False,True,False,False,False,False,False,True,True,False,False,0,0,0.004021988857208189,64.95
0,0,0,-0.1418631706701798,1,1,0.9712832532725666,0.13526329427873426,True,False,False,True,False,False,False,False,False,False,False,False,True,False,True,False,True,False,False,False,True,False,0,1,0.5271544912728716,94.2
0,1,0,-0.019745966154397852,1,1,0.46357522629047915,0.06521070097453588,True,False,True,True,False,False,False,False,False,False,True,False,False,False,False,False,False,False,False,False,True,False,1,1,0.5307859825943841,78.9
0,0,0,-0.06045170099299184,1,0,0.010620025747636104,-0.13384572841756914,False,False,True,False,False,False,True,False,False,False,True,False,True,False,False,False,False,False,False,True,False,False,1,0,0.0847870802291192,65.25
0,0,0,1.0793088744876398,1,0,1.0243769031530463,1.4726250011512736,False,False,False,True,False,False,False,False,False,False,True,False,False,False,True,False,True,False,True,False,True,False,0,0,0.10702170199622638,95.8
0,0,0,-0.019745966154397852,1,1,-0.0026533867224840216,-0.1265398989248356,True,False,False,False,False,False,False,False,False,False,False,False,False,False,True,False,True,True,False,False,False,False,0,0,0.15621544317401675,64.85
0,1,0,-0.6303319887333076,0,1,-0.5020655309107466,-0.6419409392950917,True,True,False,False,False,False,False,False,True,False,False,False,False,False,True,False,True,False,False,False,False,True,0,1,0.49662397916825474,49.8
0,0,0,-0.2639803751859618,1,0,-1.461069581876912,-0.7814976402058357,True,False,False,False,True,True,False,True,False,True,False,True,False,True,False,True,False,False,False,False,False,True,0,0,0.06855470868453609,20.9
0,0,0,-0.8338606629262776,1,0,0.9828974891839214,-0.4939814374963088,True,False,True,True,False,False,False,False,False,False,False,False,False,False,True,False,True,False,False,False,True,False,0,1,0.7166338102861092,94.55
0,1,1,1.1607203441648277,1,1,1.112313260767591,1.6875216974915876,True,False,False,True,False,False,False,False,True,False,False,False,True,False,True,False,True,True,False,False,False,False,0,0,0.10424624544495213,98.45
0,1,0,1.5677776925507676,1,0,-1.5042081724048018,-0.38737775730053686,False,False,False,False,True,True,False,True,False,True,False,True,False,True,False,True,False,False,True,False,False,True,0,0,0.002483045590101026,19.6
0,0,0,-0.9559778674420595,1,1,-1.4760021709057967,-0.944178498129616,False,False,False,False,True,True,False,True,False,True,False,True,False,True,False,True,False,False,False,True,False,False,0,0,0.17262179489905277,20.45
1,1,0,-0.3453918448631497,1,1,1.30477774158433,0.05904572173292004,True,False,True,True,False,False,False,False,True,False,True,False,False,False,True,False,True,False,False,False,True,False,1,1,0.7187295998312675,104.25
1,0,0,-1.0373893371192475,1,1,0.8037064208373025,-0.7569035415230901,False,False,False,True,False,False,False,False,False,False,False,False,False,False,True,False,True,False,False,False,True,False,0,1,0.780490028888189,89.15
0,0,1,0.346605647392948,1,1,1.533744106693899,0.9687640998596295,True,False,False,True,False,False,True,False,True,False,True,False,True,False,True,False,True,False,True,False,True,False,0,0,0.09289052361393033,111.15
0,1,1,-0.5082147842175256,1,1,0.8385491285713673,-0.22939193694866333,True,False,False,True,False,False,False,False,False,False,False,False,False,False,True,False,True,False,False,False,True,False,1,1,0.630377215785441,90.2
0,1,0,0.020959768684196134,1,0,0.873391836305432,0.29166947582136826,True,False,False,True,False,False,False,False,False,False,False,False,False,False,True,False,True,False,False,False,True,False,0,1,0.4948800148122187,91.25
0,0,0,0.9571916699718578,1,1,0.5598074666988484,0.9807430274963639,True,False,False,False,False,False,False,False,True,False,True,False,True,False,True,False,True,False,True,True,False,False,0,0,0.026477380172100485,81.8
0,1,1,-1.2816237461508113,1,1,0.31756768911915967,-0.9762320023004377,True,False,True,True,False,False,False,False,False,False,False,False,False,False,False,False,False,False,False,False,True,False,1,1,0.7248428944731378,74.5
0,0,0,-1.1595065416350294,1,1,0.3690021624408743,-0.8689920786953886,True,False,True,True,False,False,False,False,False,False,False,False,False,False,False,False,False,False,False,False,True,False,1,1,0.7411324317471266,76.05
0,0,0,0.8757802002946699,1,0,1.5320849301351338,1.630325608940368,False,False,True,True,False,False,False,False,True,False,True,False,True,False,True,False,True,False,False,False,True,False,1,0,0.32347208471150446,111.1
0,1,1,-0.9966836022806536,1,1,0.12012567862612548,-0.7612914271043115,False,False,False,False,False,False,False,False,False,False,False,False,True,False,True,False,True,False,False,False,True,False,0,1,0.42603005046894005,68.55
0,1,0,1.0386031396490458,0,1,-0.6613464805521857,0.17113425890521852,True,True,False,False,False,False,False,False,False,False,False,False,False,False,True,False,True,True,False,True,False,False,0,0,0.09111683957100379,45.0
0,1,0,0.06166550352279012,1,0,1.1919537355883103,0.5388171311836589,True,False,True,True,False,False,False,False,False,False,True,False,False,False,True,False,True,False,False,False,True,False,0,1,0.5756462921574436,100.85
1,0,0,-1.2409180113122174,0,1,-1.1458260357115635,-0.9744110297842309,False,True,False,False,False,False,False,False,False,False,True,False,False,False,False,False,False,False,False,False,True,False,1,1,0.6625979810795002,30.4
0,0,1,-0.30468611002455576,1,1,1.0276952562705766,0.06556173182103366,True,False,False,True,False,False,False,False,True,False,False,False,False,False,True,False,True,False,False,False,True,False,1,1,0.5568538815194458,95.9
0,1,0,1.4456604880349857,1,1,0.8302532457775423,1.6125327329085155,False,False,True,True,False,False,False,False,False,False,True,False,False,False,True,False,False,False,True,False,False,False,0,0,0.08124454523011337,89.95
0,1,0,1.5677776925507676,1,1,1.3346429196421,2.306125806732169,False,False,True,True,False,False,False,False,True,False,True,False,False,False,True,False,True,False,True,False,False,False,0,0,0.10248720894457916,105.15
0,0,1,-1.2816237461508113,1,0,-0.19014033786292786,-0.9829454672397064,False,False,False,False,False,False,False,False,False,False,True,False,False,False,False,False,True,False,False,False,True,False,1,1,0.4131347892295727,59.2
0,0,0,-0.7931549280876836,1,0,1.102358201415001,-0.4691021262507839,True,False,True,True,False,False,True,False,False,False,False,False,False,False,True,False,True,False,False,False,False,True,1,1,0.5433908548952011,98.15
0,1,1,-1.1188008067964355,1,1,0.6494030008721581,-0.8098214416326193,True,False,True,True,False,False,True,False,False,False,True,False,False,False,False,False,False,False,False,False,True,False,1,1,0.594092489518422,84.5
0,0,0,-0.4268033145403377,1,0,-1.462728758435677,-0.8111816861627978,False,False,False,False,True,True,False,True,False,True,False,True,False,True,False,True,False,True,False,False,False,False,0,0,0.03895902209797737,20.85
0,1,1,-0.9152721326034655,1,0,-1.2885152197653527,-0.9099529905960896,False,False,True,False,True,True,False,True,False,True,False,True,False,True,False,True,False,False,True,True,False,False,0,0,0.03848395024323013,26.1
1,1,0,0.9164859351332638,1,1,0.3009759235315097,0.7692250030535903,True,False,True,True,False,False,False,False,False,False,False,False,False,False,False,False,False,False,False,False,True,False,0,1,0.3795523000492528,74.0
0,1,1,-0.22327464034736777,1,1,-1.472683817788267,-0.7529763839278971,False,False,False,False,True,True,False,True,False,True,False,True,False,True,False,True,False,True,False,False,False,True,0,0,0.04015263519465419,20.55
0,0,0,-0.9152721326034655,1,0,-1.5290958207862766,-0.9373114571950047,False,False,False,False,True,True,False,True,False,True,False,True,False,True,False,True,False,False,False,False,False,True,0,0,0.13454900925327612,18.85
0,0,0,-0.38609757970174374,1,0,-1.462728758435677,-0.8009798521864583,True,False,False,False,True,True,False,True,False,True,False,True,False,True,False,True,False,False,False,False,True,False,0,0,0.10394064405467329,20.85
0,1,1,1.5270719577121736,1,1,0.6361295884020379,1.6149021911223749,True,False,True,False,False,False,False,False,True,False,True,False,True,False,True,False,True,False,True,False,True,False,0,0,0.030747039462606856,84.1
0,0,1,-1.1188008067964355,1,0,-0.6281629493768859,-0.91164232654486,False,False,False,False,False,False,False,False,False,False,False,False,False,False,False,False,False,False,False,False,False,True,1,0,0.26290018115431224,46.0
0,0,0,-0.3453918448631497,1,1,-1.5058673489635668,-0.8026033698515102,False,False,False,False,True,True,False,True,False,True,False,True,False,True,False,True,False,False,True,False,False,False,0,0,0.028224650084797534,19.55
0,0,0,-0.9966836022806536,1,1,-1.4842980536996218,-0.9470745026132221,False,False,False,False,True,True,False,True,False,True,False,True,False,True,False,True,False,True,False,False,False,False,0,0,0.10187771074772135,20.2
0,1,0,-0.5489205190561197,1,1,0.7920921849259474,-0.27511370470498947,True,False,True,True,False,False,True,False,True,False,False,False,True,False,False,False,False,False,False,True,False,False,0,0,0.32424231772500056,88.8
1,1,0,0.428017117070136,1,1,1.1819986762357204,0.8796242042771186,True,False,False,True,False,False,False,False,True,False,True,False,False,False,True,False,True,True,False,False,False,False,0,0,0.2724890999433165,100.55
1,0,0,1.4049547531963917,1,1,1.2102046777347255,1.9928527156608733,True,False,True,True,False,False,False,False,False,False,True,False,False,False,True,False,True,False,False,True,False,False,0,1,0.3684837979459347,101.4
0,0,0,-1.1595065416350294,1,1,-0.3195561094465974,-0.904270678768408,True,False,False,False,False,False,False,False,False,False,False,False,False,False,False,False,True,False,False,False,False,True,0,1,0.4686489684126311,55.3
0,1,0,1.0793088744876398,1,0,1.6200212877496785,1.8700796770983004,True,False,True,True,False,False,True,False,True,False,True,False,True,False,True,False,True,False,True,False,True,False,0,0,0.07388775366775192,113.75
0,1,0,1.6084834273893616,1,0,-1.3117436915880627,-0.25819840578938125,True,False,True,False,True,True,False,True,False,True,False,True,False,True,False,True,False,False,True,False,False,True,0,0,0.0033801760861205113,25.4
0,0,1,-0.5489205190561197,1,1,-1.4909347599346818,-0.8432571297615257,True,False,False,False,True,True,False,True,False,True,False,True,False,True,False,True,False,False,False,False,True,False,0,0,0.14053785560312337,20.0
0,0,0,-1.2816237461508113,1,0,0.2843841579438598,-0.9766707908585599,False,False,False,True,False,False,False,False,False,False,True,False,False,False,False,False,False,False,False,False,False,False,1,1,0.5179962337494114,73.5
0,1,1,-0.10115743583158582,0,0,-0.4556085872653266,-0.3237534163728278,False,True,False,False,False,False,False,False,False,False,False,False,True,False,True,False,True,False,False,True,False,False,1,0,0.1883297620036697,51.2
0,1,0,-1.2409180113122174,1,1,0.31424933600162985,-0.9477546248783113,False,False,False,True,False,False,True,False,False,False,False,False,False,False,False,False,False,False,False,False,True,False,1,1,0.6056701739557069,74.4
0,1,1,1.1200146093262338,1,1,0.03053014445281582,0.7147713429906338,True,False,False,False,False,False,True,False,True,False,True,False,True,False,False,False,False,True,False,False,False,False,0,0,0.012702175238475446,65.85
0,0,0,0.46872285190873,1,1,1.5453583426052537,1.1477898315734594,True,False,True,True,False,False,True,False,True,False,True,False,False,False,True,False,True,False,False,False,True,False,0,1,0.464511978408974,111.5
0,0,0,-1.2816237461508113,1,1,-0.5418857683211062,-0.987596625955801,False,False,False,False,False,False,False,False,True,False,False,False,False,False,False,False,False,False,False,False,True,False,0,1,0.47755525305790275,48.6
0,1,0,-1.2002122764736234,0,1,-1.1624178012992135,-0.9684435053937699,True,True,False,False,False,False,False,False,False,False,False,False,True,False,False,False,False,False,False,False,True,False,0,1,0.5491027599156865,29.9
1,1,0,1.5677776925507676,1,0,-1.3299946337344775,-0.17478470089036402,True,False,True,False,True,True,False,True,False,True,False,True,False,True,False,True,False,False,True,False,False,False,0,0,0.004003057920799287,24.85
0,0,0,-1.2409180113122174,1,0,-0.5219756496159262,-0.9634193764032716,False,False,False,False,False,False,False,False,True,False,False,False,False,False,False,False,False,False,False,False,False,True,0,0,0.3051978366141807,49.2
0,0,0,-1.2816237461508113,0,0,-1.2968111025591778,-0.9975790656530795,False,True,False,False,False,False,False,False,False,False,False,False,False,False,False,False,False,True,False,False,False,True,0,0,0.3174039763813999,25.85
0,1,1,1.6084834273893616,1,1,1.6780924673064532,2.6879376705821416,False,False,True,True,False,False,True,False,True,False,True,False,True,False,True,False,True,False,True,False,True,False,0,0,0.06526585318824092,115.5
0,0,0,-1.0780950719578415,1,1,0.697519121076343,-0.7831211578708875,False,False,False,True,False,False,False,False,True,False,False,False,False,False,False,False,True,False,False,False,False,True,0,1,0.6051515433309403,85.95
0,0,0,-1.2816237461508113,1,1,0.6842457086062228,-0.9713833887331881,False,False,False,True,False,False,False,False,False,False,True,False,False,False,True,False,False,False,False,True,False,False,1,1,0.6493877915375119,85.55
1,0,0,-0.5082147842175256,1,0,0.8302532457775423,-0.2856007512441084,True,False,False,True,False,False,False,False,False,False,False,False,False,False,True,False,True,False,False,False,True,False,0,1,0.6191395191192423,89.95
0,0,0,-1.2816237461508113,1,1,0.7771595958970623,-0.9701547807704463,True,False,False,True,False,False,False,False,False,False,False,False,False,False,True,False,True,False,False,False,True,False,1,1,0.7937959463959313,88.35
0,0,0,-0.8338606629262776,1,0,-1.4892755833759168,-0.8924453271270166,True,False,False,False,True,True,False,True,False,True,False,True,False,True,False,True,False,False,False,True,False,False,0,0,0.11497289404404464,20.05
0,0,0,-0.9559778674420595,0,1,-1.3266762806169474,-0.925442226697801,True,True,False,False,False,False,False,False,False,False,False,False,False,False,False,False,False,False,False,False,True,False,0,1,0.5661982778896555,24.95
0,0,0,-0.8338606629262776,1,0,-1.4876164068171518,-0.9108086282844279,False,False,False,False,True,True,False,True,False,True,False,True,False,True,False,True,False,False,False,False,False,True,0,0,0.12249311189561458,20.1
0,0,0,-1.2816237461508113,1,1,-0.49874717779321653,-0.9870262008302422,False,False,False,False,False,False,False,False,False,False,False,False,True,False,False,False,False,False,False,False,True,False,0,1,0.4221020456091768,49.9
0,0,0,-0.6303319887333076,1,1,-1.5025489958460367,-0.8546656322727011,True,False,False,False,True,True,False,True,False,True,False,True,False,True,False,True,False,True,False,False,False,False,0,0,0.07180260150915138,19.65
0,0,0,-0.8338606629262776,1,1,0.4851445215544238,-0.5884526140600037,False,False,True,True,False,False,False,False,False,False,False,False,True,False,False,False,False,False,False,True,False,False,0,1,0.5007218479483976,79.55
0,0,0,-0.8338606629262776,1,1,1.3860773929638146,-0.45872477685119545,True,False,True,True,False,False,False,False,True,False,True,False,False,False,True,False,True,False,False,False,True,False,1,1,0.7447685739870964,106.7
0,0,0,-0.7117434584104956,1,1,-0.3062826969764773,-0.6140998052822424,False,False,True,False,False,False,True,False,False,False,False,False,False,False,False,False,False,False,False,False,False,True,1,0,0.28441185868575236,55.7
0,1,0,1.5677776925507676,1,1,1.1305642029140057,2.0602286987605263,True,False,True,True,False,False,True,False,True,False,True,False,False,False,True,False,False,False,True,False,True,False,0,0,0.07491379756965198,99.0
0,1,0,-0.10115743583158582,1,1,0.665994766459808,0.1425691237714678,False,False,True,True,False,False,False,False,False,False,False,False,False,False,False,False,True,False,False,False,True,False,1,1,0.6204959157967792,85.0
0,0,1,0.020959768684196134,1,1,-1.4859572302583868,-0.7096021349575243,True,False,False,False,True,True,False,True,False,True,False,True,False,True,False,True,False,True,False,False,False,True,0,0,0.03065594107532986,20.15
0,0,0,-1.2816237461508113,1,0,-1.4942531130522119,-1.000189857573906,False,False,False,False,True,True,False,True,False,True,False,True,False,True,False,True,False,False,False,False,False,True,0,0,0.18996926621104876,19.9
0,1,1,1.2014260790034217,1,1,0.18317438785919538,0.878066504895785,False,False,True,False,False,False,False,False,False,False,False,False,False,False,True,False,True,False,False,True,False,False,0,0,0.12148663666488131,70.45
0,1,1,1.6084834273893616,1,1,1.7212310578343428,2.701803389018801,False,False,True,True,False,False,True,False,True,False,True,False,True,False,True,False,True,False,True,True,False,False,0,0,0.043590661431336365,116.8
0,1,1,-0.10115743583158582,1,0,0.045462733481700844,-0.16491195833261607,False,False,False,False,False,False,True,False,False,False,False,False,True,False,False,False,True,False,False,False,False,False,0,0,0.07140896345606759,66.3
0,0,1,-1.2002122764736234,1,1,-1.472683817788267,-0.9837352866443261,False,False,False,False,True,True,False,True,False,True,False,True,False,True,False,True,False,True,False,True,False,False,0,0,0.10039874536231001,20.55
0,1,1,-0.1825689055087738,1,1,0.8468450113651922,0.09210843958742262,False,False,True,True,False,False,False,False,False,False,False,False,True,False,False,False,True,True,False,False,True,False,0,0,0.32596126680943344,90.45
0,0,0,-0.10115743583158582,1,1,0.9746016063900964,0.1668999493193399,True,False,True,True,False,False,True,False,True,False,False,False,False,False,False,False,True,False,False,True,False,False,0,1,0.3778032446752398,94.3
0,1,1,-0.8338606629262776,1,0,-1.5241182911099815,-0.9064426821311126,False,False,False,False,True,True,False,True,False,True,False,True,False,True,False,True,False,False,False,False,False,True,1,0,0.10397097373067658,19.0
0,0,0,0.7536629957788878,1,1,-1.3382905165283026,-0.45323991987466883,True,False,True,False,True,True,False,True,False,True,False,True,False,True,False,True,False,True,False,False,False,False,0,0,0.021831945848905524,24.6
0,0,0,-0.7117434584104956,0,0,-0.6314813024944159,-0.7046438242507442,False,True,False,False,False,False,True,False,True,False,True,False,True,False,False,False,False,True,False,False,False,True,0,0,0.08722649485330221,45.9
0,1,1,1.6084834273893616,1,1,-1.3216987509406526,-0.22313919999542298,True,False,True,False,True,True,False,True,False,True,False,True,False,True,False,True,False,False,True,True,False,False,0,0,0.003617648937777508,25.1
0,0,0,-0.019745966154397852,1,1,1.4341935131679995,0.49739549129692967,True,False,True,True,False,False,True,False,True,False,False,False,True,False,True,False,True,False,False,True,False,False,1,1,0.36224624026009633,108.15
1,0,0,-1.0780950719578415,1,1,0.3042942766490395,-0.8110719890232673,False,False,False,True,False,False,True,False,False,False,False,False,False,False,False,False,False,False,False,False,True,False,0,1,0.6051375681536103,74.1
0,1,0,1.2421318138420157,1,0,0.19478862377055015,0.9431607874932034,True,False,False,False,False,False,True,False,True,False,False,False,True,False,True,False,False,True,False,True,False,False,0,0,0.013521360810718069,70.8
1,0,0,-0.8745663977648716,1,1,1.0028076078891015,-0.5711643448699917,False,False,True,True,False,False,False,False,False,False,False,False,False,False,True,False,True,False,False,False,False,False,1,1,0.7384352955489996,95.15
0,0,0,-0.5489205190561197,1,1,-0.11215903960097341,-0.5292380981414221,True,False,False,False,False,False,False,False,False,False,False,False,True,False,True,False,False,False,False,True,False,False,0,0,0.23282497545711303,61.55
0,1,1,1.2828375486806096,1,1,0.2694515689149748,1.0484042231587964,True,False,False,False,False,False,True,False,False,False,True,False,False,False,True,False,True,True,False,True,False,False,0,0,0.03317616397430033,73.05
0,1,1,-1.0373893371192475,1,0,0.14999085668389553,-0.7995976682283736,False,False,False,False,False,False,True,False,True,False,True,False,False,False,True,False,False,True,False,False,True,False,0,0,0.13897117578355403,69.45
1,0,0,-1.1595065416350294,1,0,-1.4892755833759168,-0.9687945362402677,False,False,False,False,True,True,False,True,False,True,False,True,False,True,False,True,False,False,False,False,False,True,0,0,0.19130261493158168,20.05
0,0,0,-1.0373893371192475,1,1,-1.4925939364934466,-0.9442004375575221,True,False,False,False,True,True,False,True,False,True,False,True,False,True,False,True,False,False,False,False,False,True,0,0,0.20853562623233182,19.95
0,0,0,-1.1595065416350294,1,1,0.8451858348064274,-0.8524278106262781,True,False,False,True,False,False,False,False,False,False,True,False,True,False,False,False,True,False,False,False,True,False,0,1,0.6419553495506505,90.4
0,0,0,-1.2002122764736234,1,1,0.3192268656779245,-0.9063988032753004,False,False,False,True,False,False,True,False,False,False,False,False,False,False,False,False,False,False,False,False,True,False,0,1,0.5927263106447184,74.55
1,0,0,1.3235432835192036,0,1,-0.3792864655621371,0.5346925187373109,False,True,False,False,False,False,False,False,True,False,True,False,False,False,True,False,True,False,True,False,False,False,0,0,0.04056553789567965,53.5
0,1,1,0.387311382231542,1,0,-0.04081444757407856,0.20360461220625628,True,False,False,False,False,False,True,False,False,False,False,False,True,False,False,False,True,True,False,True,False,False,0,0,0.025858384183901545,63.7
0,0,0,-0.2639803751859618,1,0,0.3341594547068096,-0.1715596049881664,True,False,False,False,False,False,True,False,False,False,False,False,True,False,True,False,True,True,False,False,False,False,0,0,0.07023220342629401,75.0
0,0,0,0.631545791263106,1,0,-1.3233579274994176,-0.4948809540404592,False,False,True,False,True,True,False,True,False,True,False,True,False,True,False,True,False,True,False,True,False,False,0,0,0.01640875533475791,25.05
0,1,1,1.4863662228735797,1,1,1.1421784388253606,1.999610059455954,True,False,True,True,False,False,False,False,False,False,False,False,True,False,True,False,True,False,True,False,True,False,0,0,0.10062787429234173,99.35
0,1,1,-0.6303319887333076,0,0,-0.6795974226986006,-0.6613353935640898,True,True,False,False,False,False,True,False,False,False,True,False,False,False,True,False,False,True,False,True,False,False,0,0,0.12756214523182174,44.45
0,1,1,-1.2816237461508113,1,1,-1.457751228759382,-0.9997071901599718,False,False,False,False,True,True,False,True,False,True,False,True,False,True,False,True,False,False,False,False,True,False,1,0,0.27169893252467153,21.0
0,0,0,-1.1595065416350294,1,1,0.38891228114605453,-0.8625418868909934,False,False,False,True,False,False,False,False,True,False,False,False,False,False,False,False,False,False,False,False,False,False,1,1,0.5439644693430671,76.65
1,0,0,0.06166550352279012,1,1,1.042627845299461,0.3909234476685944,False,False,True,True,False,False,False,False,True,False,False,False,True,False,True,False,False,False,False,False,True,False,0,1,0.4939077540782855,96.35
0,0,0,-1.2409180113122174,1,0,0.17985603474166512,-0.9478204431620297,False,False,False,True,False,False,False,False,False,False,False,False,False,False,False,False,False,False,False,False,True,False,0,1,0.6093311812740086,70.35
0,1,1,-1.2816237461508113,1,0,-0.4804962356468015,-0.9867848671232751,False,False,False,False,False,False,False,False,False,False,True,False,False,False,False,False,False,False,False,False,False,True,1,0,0.2932885006092527,50.45
0,0,0,-0.8338606629262776,1,0,-1.480979700582092,-0.9006726125918068,False,False,False,False,True,True,False,True,False,True,False,True,False,True,False,True,False,False,False,False,False,True,0,0,0.12273553845856401,20.3
0,0,0,0.22448844287716607,1,1,0.15165003324266044,0.14300791232958993,True,False,False,True,False,False,False,False,False,False,False,False,False,False,False,False,False,False,False,True,False,False,0,0,0.3040915600276988,69.5
0,1,1,-0.06045170099299184,1,0,0.5183280527297236,0.07558805037412433,False,False,True,False,False,False,False,False,True,False,False,False,True,False,True,False,True,False,True,False,False,False,0,0,0.04595565400242006,80.55
0,1,1,1.4049547531963917,1,1,1.4541036318731793,2.131136929753063,False,False,True,True,False,False,True,False,False,False,True,False,True,False,True,False,True,False,True,True,False,False,1,0,0.05145223104978565,108.75
0,1,1,-0.4268033145403377,1,1,0.7904330083671824,-0.18173949953659976,True,False,True,True,False,False,False,False,False,False,True,False,False,False,True,False,False,False,False,False,True,False,0,1,0.6226109338982654,88.75
0,1,0,1.2421318138420157,1,1,0.5398973479936687,1.1697073200516601,False,False,True,True,False,False,False,False,False,False,False,False,True,False,False,False,False,True,False,True,False,False,0,0,0.08578929025787298,81.2
0,0,0,1.5270719577121736,1,0,0.4868036981131887,1.4436649563152129,False,False,False,False,False,False,True,False,False,False,True,False,True,False,True,False,True,False,True,False,False,False,0,0,0.009278148092579435,79.6
0,0,0,-1.2816237461508113,1,0,-1.4760021709057967,-0.999948523866939,True,False,False,False,True,True,False,True,False,True,False,True,False,True,False,True,False,False,False,False,False,True,0,0,0.19183661614664002,20.45
0,1,1,0.6722515261016999,1,0,1.1786803231181906,1.1594835466474143,False,False,True,True,False,False,False,False,True,False,False,False,False,False,True,False,True,True,False,False,False,True,1,0,0.18266259315304487,100.45
1,1,0,1.5677776925507676,1,0,0.8136614801898924,1.8147923187749118,False,False,False,True,False,False,False,False,True,False,True,False,False,False,False,False,True,False,True,True,False,False,0,0,0.0403138013515903,89.45
0,1,1,-0.38609757970174374,1,1,0.04380355692293595,-0.3359078594328108,False,False,False,False,False,False,True,False,True,False,True,False,True,False,False,False,False,True,False,False,False,True,0,0,0.04930631508563439,66.25
0,1,1,1.6084834273893616,1,1,0.858459247276547,1.7982719295616136,True,False,True,False,False,False,True,False,True,False,True,False,True,False,True,False,True,False,True,True,False,False,0,0,0.013087753130728902,90.8
0,1,1,1.6084834273893616,1,1,0.21635791903449522,1.1963637249575796,False,False,True,False,False,False,True,False,False,False,True,False,False,False,True,False,False,False,True,False,False,False,0,0,0.013129087480502951,71.45
0,0,0,-1.2409180113122174,1,0,0.1599459160364854,-0.9454948638039823,False,False,False,True,False,False,False,False,False,False,False,False,False,False,False,False,False,False,False,False,False,False,1,1,0.5155555342873417,69.75
0,0,0,0.387311382231542,1,0,-0.17520774883404305,0.1040873672241569,False,False,False,False,False,False,True,False,True,False,True,False,False,False,False,False,False,False,False,False,False,False,0,0,0.05386845097819475,59.65
0,1,1,0.590840056424512,1,0,-1.4992306427285067,-0.5925552870784456,False,False,False,False,True,True,False,True,False,True,False,True,False,True,False,True,False,False,True,False,False,True,0,0,0.0060318617090957035,19.75
0,0,1,-0.1418631706701798,1,0,-1.4959122896109767,-0.7741479318572899,True,False,False,False,True,True,False,True,False,True,False,True,False,True,False,True,False,True,False,False,False,True,0,0,0.025265082706754247,19.85
0,1,1,1.6084834273893616,0,1,-0.037496094456548765,1.0464954929309653,False,True,False,False,False,False,True,False,True,False,True,False,True,False,True,False,True,False,True,False,False,False,0,0,0.011992154521124277,63.8
0,0,0,-1.2816237461508113,1,1,0.15330920980142534,-0.9784040056631422,True,False,False,True,False,False,False,False,False,False,False,False,False,False,False,False,False,False,False,False,True,False,1,1,0.7081903584304342,69.55
0,0,0,0.30589991255435406,1,1,-0.45892694038285664,-0.0905811765867269,True,False,False,False,False,False,False,False,False,False,False,False,True,False,False,False,False,False,False,False,True,False,0,0,0.13766066107313127,51.1
0,0,0,-1.2816237461508113,1,0,-0.09556727401332349,-0.9816949198490582,True,False,True,False,False,False,False,False,False,False,True,False,True,False,False,False,False,False,False,False,False,True,1,0,0.3166261939192628,62.05
1,0,0,-1.2816237461508113,1,1,0.665994766459808,-0.9716247224401553,False,False,False,True,False,False,False,False,False,False,True,False,False,False,False,False,True,False,False,False,True,False,1,1,0.7658014576921635,85.0
0,1,1,1.5270719577121736,1,0,1.107335731091296,2.000948364558226,True,False,True,True,False,False,False,False,True,False,False,False,False,False,True,False,True,False,True,False,False,False,1,0,0.058031576950990316,98.3
0,0,0,0.6722515261016999,1,1,-1.4942531130522119,-0.5602165703448446,True,False,False,False,True,True,False,True,False,True,False,True,False,True,False,True,False,False,True,True,False,False,0,0,0.009047076474826514,19.9
0,0,0,-0.6303319887333076,1,1,0.38891228114605453,-0.43255103935921035,True,False,False,True,False,False,False,False,False,False,True,False,False,False,False,False,False,False,False,False,True,False,1,1,0.569333940656811,76.65
0,0,0,0.020959768684196134,1,1,0.04878108659923111,-0.0236659214731018,True,False,False,False,False,False,False,False,True,False,True,False,False,False,True,False,False,False,False,True,False,False,0,0,0.18550278900229236,66.4
1,1,0,-0.6303319887333076,1,1,1.1786803231181906,-0.2970092537552838,True,False,True,True,False,False,False,False,False,False,True,False,False,False,True,False,True,False,False,True,False,False,1,1,0.7002124433534667,100.45
0,1,1,-0.4675090493789317,1,1,0.36402463276457964,-0.3289091819307628,True,False,True,False,False,False,True,False,False,False,False,False,False,False,True,False,True,True,False,False,False,False,0,0,0.1689219488891552,75.9
0,0,0,0.1023712383613841,1,1,0.697519121076343,0.3557545447351055,False,False,True,False,False,False,True,False,False,False,True,False,True,False,True,False,True,True,False,True,False,False,1,0,0.09909127664447712,85.95
0,0,0,-0.8338606629262776,0,0,-0.1420242176587432,-0.682770214628356,False,True,False,False,False,False,False,False,True,False,True,False,True,False,True,False,True,True,False,False,True,False,0,0,0.2683177065436971,60.65
0,1,0,-0.9559778674420595,1,0,-0.46722282317668157,-0.8041830086607499,False,False,False,False,False,False,False,False,True,False,False,False,False,False,False,False,False,False,False,False,False,True,0,0,0.24971299966454757,50.85
0,1,1,1.6084834273893616,1,0,-1.3432680462045974,-0.25898822519400116,False,False,True,False,True,True,False,True,False,True,False,True,False,True,False,True,False,False,True,False,False,False,0,0,0.002470428405562545,24.45
1,1,0,-0.5896262538947137,1,1,-0.19345869098045787,-0.5652845781911552,True,False,False,False,False,False,True,False,False,False,False,False,False,False,False,False,True,False,False,True,False,False,0,0,0.26820782433021595,59.1
0,1,0,1.0386031396490458,1,1,1.465717867784534,1.796538714757031,False,False,True,True,False,False,True,False,True,False,False,False,True,False,True,False,True,False,True,True,False,False,0,0,0.07329016443160834,109.1
1,0,1,-0.10115743583158582,1,1,1.2068863246171952,0.29625481625374445,False,False,True,True,False,False,False,False,False,False,False,False,True,False,True,False,True,False,False,False,True,False,0,1,0.5732917910357226,101.3
0,1,1,0.9571916699718578,1,0,1.689706703217808,1.8729976210098125,True,False,True,True,False,False,True,False,True,False,True,False,True,False,True,False,True,False,True,False,False,True,0,0,0.0500586436872189,115.85
0,0,0,-0.9152721326034655,1,1,0.9945117250952766,-0.5486983706941386,True,False,False,True,False,False,False,False,False,False,True,False,False,False,True,False,True,False,False,False,True,False,1,1,0.7391492423713498,94.9
0,1,0,-1.2409180113122174,0,1,-0.9898634391876541,-0.97875503650964,False,True,False,False,False,False,False,False,False,False,False,False,False,False,False,False,True,False,False,False,True,False,1,1,0.6930147846168678,35.1
0,1,1,-0.5896262538947137,1,1,-1.3366313399695375,-0.8020987630096698,False,False,True,False,True,True,False,True,False,True,False,True,False,True,False,True,False,False,True,True,False,False,0,0,0.04015351936767712,24.65
0,1,1,0.7536629957788878,0,1,-0.29135010794759253,0.2631043406876173,False,True,False,False,False,False,False,False,False,False,True,False,True,False,True,False,True,True,False,False,True,False,0,0,0.10291834477480602,56.15
0,1,0,1.1200146093262338,1,1,1.4773321036958893,1.8751696243725173,True,False,True,True,False,False,True,False,False,False,True,False,True,False,True,False,True,False,False,False,False,False,0,0,0.24594536761789168,109.45
0,1,1,-0.3453918448631497,1,0,-0.32453363912289235,-0.42978667144304095,False,False,False,False,False,False,True,False,False,False,False,False,True,False,False,False,False,False,False,False,True,False,0,0,0.09922931468772267,55.15
0,1,0,1.5270719577121736,1,0,1.6830699969827483,2.487718451511013,True,False,True,True,False,False,True,False,True,False,True,False,True,False,True,False,True,True,False,True,False,False,1,0,0.0705296132710536,115.65
0,0,0,-0.8338606629262776,1,1,-0.3709905827683121,-0.7243015516546157,True,False,False,False,False,False,False,False,True,False,False,False,True,False,False,False,False,False,False,False,False,True,0,0,0.23447935175162102,53.75
0,1,1,-0.30468611002455576,1,1,-0.11049986304220827,-0.30203338274578223,True,False,False,False,False,False,True,False,True,False,True,False,False,False,False,False,False,True,False,False,False,False,0,0,0.061010584960420965,61.6
0,0,0,0.14307697319997809,1,1,-1.4793205240233267,-0.7035907317112512,True,False,False,False,True,True,False,True,False,True,False,True,False,True,False,True,False,True,False,True,False,False,0,0,0.0297804041888482,20.35
0,1,1,-0.8745663977648716,1,0,0.8518225410414869,-0.5612696628843377,True,False,False,True,False,False,False,False,False,False,False,False,False,False,True,False,True,False,False,False,True,False,0,1,0.6079783274642755,90.6
0,1,1,-1.0373893371192475,1,1,0.8236165395424823,-0.7417872756957827,True,False,False,True,False,False,False,False,True,False,False,False,True,False,True,False,False,False,False,False,True,False,1,1,0.5420003735344867,89.75
1,1,0,-0.2639803751859618,1,1,1.1006990248562358,0.09274468299669965,False,False,True,True,False,False,False,False,False,False,True,False,False,False,True,False,True,False,False,False,False,False,0,1,0.6525641445733594,98.1
0,0,0,0.346605647392948,1,1,0.3092718063253347,0.3465399850145407,True,False,False,True,False,False,False,False,False,False,False,False,True,False,False,False,False,False,False,False,True,False,0,0,0.30300444993876957,74.25
1,0,0,0.9978974048104517,0,1,-0.3295111687991873,0.3487119883772454,False,True,False,False,False,False,False,False,True,False,True,False,False,False,True,False,True,False,False,False,True,False,0,0,0.23706421865739402,55.0
0,1,1,-0.1825689055087738,1,1,0.8352307754538371,0.13146777325097778,False,False,False,True,False,False,False,False,False,False,False,False,False,False,True,False,True,True,False,False,False,False,1,0,0.31417921022256773,90.1
0,0,0,-0.9152721326034655,1,0,-0.0009942101637186523,-0.7081102538599091,False,False,False,False,False,False,False,False,True,False,False,False,True,False,False,False,True,True,False,False,False,True,0,0,0.12452494284791334,64.9
0,0,0,0.346605647392948,1,1,-0.2863725782712976,0.02837440152018299,False,False,True,False,False,False,False,False,True,False,False,False,False,False,False,False,False,True,False,True,False,False,0,0,0.0790235383981726,56.3
0,0,0,-0.4268033145403377,1,1,0.8003880677197722,-0.18125683212266547,False,False,False,True,False,False,True,False,False,False,False,False,True,False,False,False,True,False,False,False,True,False,0,1,0.40978706305419965,89.05
0,0,0,0.9978974048104517,1,1,1.5934744628094386,1.8278462783790452,False,False,True,True,False,False,True,False,True,False,True,False,False,False,True,False,True,False,True,False,False,False,1,0,0.09992847073593081,112.95
0,0,0,-0.7931549280876836,1,0,-1.5091857020810966,-0.8903610814759365,True,False,False,False,True,True,False,True,False,True,False,True,False,True,False,True,False,True,False,False,False,True,0,0,0.06520879085038404,19.45
0,1,1,1.1607203441648277,1,1,1.1869762059120157,1.6319930054612317,False,False,True,True,False,False,True,False,True,False,True,False,False,False,False,False,True,True,False,True,False,False,0,0,0.09225071740063066,100.7
0,1,1,-1.2816237461508113,1,0,-1.4892755833759168,-1.0001240392901878,False,False,False,False,True,True,False,True,False,True,False,True,False,True,False,True,False,False,False,False,False,True,0,0,0.1602107634671278,20.05
0,1,1,-0.5896262538947137,1,0,-1.5125040551986266,-0.8732263882812673,False,False,False,False,True,True,False,True,False,True,False,True,False,True,False,True,False,False,True,False,False,True,0,0,0.02269649900075115,19.35
0,0,0,-1.0780950719578415,1,1,0.7638861834269426,-0.7797205465454411,True,False,True,True,False,False,False,False,False,False,False,False,True,False,False,False,True,False,False,False,False,False,0,1,0.6209495222836737,87.95
0,0,0,-1.0373893371192475,1,1,-0.180185278510338,-0.8264076491296358,False,False,False,False,False,False,False,False,False,False,False,False,True,False,True,False,False,False,False,False,False,True,1,0,0.34953034781995984,59.5
0,1,1,-0.9559778674420595,1,1,-0.3195561094465974,-0.789000924549724,False,False,True,False,False,False,False,False,True,False,False,False,False,False,False,False,False,False,False,False,False,True,0,0,0.34264020587165195,55.3
1,1,1,-1.2816237461508113,1,1,-0.5203164730571613,-0.9873114133930215,True,False,False,False,False,False,False,False,False,False,False,False,True,False,False,False,False,False,False,True,False,False,1,0,0.3200030765034382,49.25
0,0,0,-0.9559778674420595,1,1,0.5266239355235486,-0.6960216290836444,True,False,False,True,False,False,False,False,False,False,False,False,False,False,False,False,True,False,False,False,True,False,1,1,0.6953614153290426,80.8
0,1,0,0.6722515261016999,1,0,-1.4760021709057967,-0.613617137868308,False,False,False,False,True,True,False,True,False,True,False,True,False,True,False,True,False,True,False,False,False,False,0,0,0.011492867269785082,20.45
0,0,0,-0.7117434584104956,1,1,1.1338825560315355,-0.38303375057512773,False,False,False,True,False,False,True,False,True,False,False,False,False,False,True,False,True,False,False,True,False,False,1,1,0.47423968800938654,99.1
0,1,1,-0.10115743583158582,1,0,-1.5058673489635668,-0.7419189122632194,False,False,False,False,True,True,False,True,False,True,False,True,False,True,False,True,False,True,False,False,False,False,0,0,0.022701290982813857,19.55
1,1,0,1.5270719577121736,1,1,0.35572874997075465,1.3655386535415672,False,False,True,True,False,False,False,False,False,False,False,False,False,False,False,False,False,False,True,True,False,False,0,0,0.06192628367242961,75.65
0,0,0,-0.30468611002455576,1,1,1.3462571555534548,0.1696862566634156,True,False,False,True,False,False,True,False,False,False,True,False,True,False,True,False,True,False,False,False,True,False,0,1,0.4602386004914653,105.5
0,1,1,0.6722515261016999,0,1,-0.9666349673649444,-0.2270005393068977,False,True,False,False,False,False,True,False,False,False,False,False,True,False,False,False,False,True,False,True,False,False,0,0,0.02790836291012896,35.8
0,0,0,-0.5896262538947137,0,0,-1.3200395743818876,-0.7997073653679041,True,True,False,False,False,False,False,False,False,False,False,False,False,False,False,False,False,False,False,False,False,True,0,0,0.30660084989281644,25.15
0,0,0,-0.30468611002455576,1,1,-1.5174815848749215,-0.7754423581037503,False,False,False,False,True,True,False,True,False,True,False,True,False,True,False,True,False,False,False,True,False,False,0,0,0.09300247752324729,19.2
0,0,1,-0.38609757970174374,0,0,-0.8239457833111549,-0.632550864151278,True,True,False,False,False,False,True,False,False,False,True,False,True,False,False,False,False,False,True,False,False,True,0,0,0.03322628419453854,40.1
0,1,1,1.4049547531963917,1,0,1.2682758572915003,2.016744752650623,True,False,False,True,False,False,False,False,True,False,True,False,True,False,True,False,True,False,True,False,False,False,0,0,0.03462284970682166,103.15
0,1,1,0.1023712383613841,1,0,-1.4743429943470319,-0.6757276582704959,True,False,False,False,True,True,False,True,False,True,False,True,False,True,False,True,False,False,True,False,False,False,0,0,0.009878418375723603,20.5
0,0,0,-1.2816237461508113,1,1,-0.6331404790531808,-0.9888032944906369,True,False,False,False,False,False,False,False,False,False,False,False,False,False,False,False,False,False,False,False,False,True,1,1,0.43940666743766615,45.85
0,1,0,1.6084834273893616,1,0,1.6432497595723885,2.6659543638202226,True,False,True,True,False,False,True,False,True,False,True,False,True,False,True,False,True,False,True,True,False,False,0,0,0.03923240040666513,114.45
0,0,0,-1.2816237461508113,1,0,-1.4677062881119718,-0.9998388267274085,False,False,False,False,True,True,False,True,False,True,False,True,False,True,False,True,False,False,False,False,True,False,0,0,0.2402153332236228,20.7
1,1,1,1.1200146093262338,1,1,0.5316014651998437,1.123195732890714,True,False,True,True,False,False,True,False,False,False,False,False,False,False,False,False,False,False,False,False,True,False,0,0,0.22380602080914996,80.95
0,0,0,-1.0373893371192475,1,1,-0.19345869098045787,-0.8468990747939393,False,False,False,False,False,False,True,False,False,False,False,False,False,False,False,False,True,True,False,False,True,False,0,0,0.25918682681472033,59.1
0,0,0,1.2828375486806096,1,0,-1.5058673489635668,-0.46475811952537477,True,False,False,False,True,True,False,True,False,True,False,True,False,True,False,True,False,False,True,False,False,True,0,0,0.003403989640370549,19.55
0,0,0,-0.7117434584104956,1,0,-0.5335898855272813,-0.6856223402561499,False,False,False,False,False,False,False,False,True,False,False,False,False,False,False,False,False,False,False,False,True,False,0,0,0.2640608741736397,48.85
0,1,1,-1.2409180113122174,1,0,-1.4959122896109767,-0.993169240643952,True,False,False,False,True,True,False,True,False,True,False,True,False,True,False,True,False,True,False,False,False,True,1,0,0.0859242899778342,19.85
0,0,0,-0.7931549280876836,1,1,0.458597696614184,-0.5721735585536727,False,False,True,False,False,False,True,False,False,False,True,False,False,False,True,False,True,False,False,False,True,False,0,1,0.4842579012591304,78.75
0,0,0,-0.2639803751859618,1,1,1.1089949076500607,0.09476311036406161,True,False,True,True,False,False,False,False,False,False,True,False,False,False,True,False,True,False,False,False,True,False,1,1,0.7048772138871442,98.35
0,1,0,0.7943687306174818,0,0,-0.9782492032762992,-0.14935690394718648,False,True,False,False,False,False,True,False,False,False,True,False,False,False,False,False,False,True,False,False,False,True,0,0,0.033237614812166034,35.45
0,0,0,-1.2816237461508113,1,1,-1.4842980536996218,-1.0000582210064695,True,False,False,False,True,True,False,True,False,True,False,True,False,True,False,True,False,False,False,False,False,False,1,0,0.24196141277321093,20.2
1,0,0,-0.7117434584104956,1,0,0.8269348926600121,-0.3836699939844048,False,False,True,True,False,False,False,False,True,False,False,False,False,False,False,False,True,False,False,False,True,False,1,1,0.6371742086618462,89.85
0,0,0,-1.2409180113122174,1,0,0.33084110158927976,-0.9443540135528649,False,False,True,True,False,False,False,False,False,False,False,False,False,False,False,False,False,False,False,True,False,False,1,1,0.5802496996060967,74.9
0,1,1,-0.06045170099299184,1,1,0.8700734831879022,0.305447436546403,False,False,True,True,False,False,False,False,True,False,False,False,False,False,False,False,True,False,False,False,True,False,1,1,0.5274912624198475,91.15
0,0,0,-0.2639803751859618,1,0,0.3507512202944595,-0.12340256073426244,True,False,False,True,False,False,False,False,True,False,False,False,False,False,False,False,False,True,False,False,False,False,0,0,0.17091174831140216,75.5
0,0,0,-0.9152721326034655,0,0,-1.1673953309755083,-0.876451484183465,False,True,False,False,False,False,True,False,False,False,False,False,False,False,False,False,False,False,False,False,False,True,0,0,0.2915202376851109,29.75
0,0,0,-1.2816237461508113,1,0,-1.4892755833759168,-1.0001240392901878,True,False,False,False,True,True,False,True,False,True,False,True,False,True,False,True,False,False,False,False,False,True,0,0,0.1927840272211265,20.05
1,0,0,-1.2409180113122174,1,1,0.4868036981131887,-0.9233360416188147,False,False,False,True,False,False,False,False,False,False,False,False,False,False,False,False,True,False,False,False,True,False,1,1,0.7702200150735395,79.6
0,0,0,-1.2409180113122174,1,0,-1.5141632317573919,-0.9965040336856801,True,False,False,False,True,True,False,True,False,True,False,True,False,True,False,True,False,True,False,True,False,False,1,0,0.0948020040426385,19.3
0,1,0,-0.7931549280876836,0,1,-0.5369082386448113,-0.7309930771659783,False,True,False,False,False,False,False,False,False,False,True,False,False,False,True,False,True,False,False,False,False,False,1,1,0.546359664158741,48.75
0,1,1,0.020959768684196134,1,0,0.3258635719129846,0.06755821976048944,True,False,False,False,False,False,True,False,False,False,True,False,False,False,True,False,True,True,False,True,False,False,0,0,0.06273564745507787,74.75
1,0,0,0.5501343215859179,1,1,0.875051012864197,0.8016734169267221,False,False,False,True,False,False,False,False,True,False,True,False,False,False,True,False,False,True,False,False,False,False,0,0,0.19009424140808776,91.3
0,0,0,-0.7931549280876836,0,0,-0.5236348261746914,-0.7239724602360241,False,True,False,False,False,False,False,False,False,False,True,False,False,False,True,False,True,False,False,False,True,False,0,1,0.5448320256429613,49.15
1,0,0,0.18378270803857208,1,1,1.3877365695225796,0.7711337332814215,False,False,True,True,False,False,True,False,True,False,False,False,False,False,True,False,True,False,False,False,False,False,1,1,0.44826397132833784,106.75
0,1,1,1.1607203441648277,1,0,-1.5207999379924515,-0.5070353971004422,False,False,False,False,True,True,False,True,False,True,False,True,False,True,False,True,False,True,False,True,False,False,0,0,0.005278851096411578,19.1
0,0,0,-1.2816237461508113,1,0,-1.464387934994442,-0.9997949478715961,True,False,False,False,True,True,False,True,False,True,False,True,False,True,False,True,False,False,False,False,False,True,0,0,0.19101054765170694,20.8
0,1,1,-0.9559778674420595,1,1,0.36236545620581423,-0.7248061584964562,False,False,False,True,False,False,False,False,False,False,False,False,True,False,False,False,False,False,False,False,True,False,0,1,0.4974130563723832,75.85
0,0,0,-1.2002122764736234,1,1,0.15496838636019022,-0.9179170029260064,True,False,False,True,False,False,False,False,False,False,False,False,False,False,False,False,False,False,False,False,False,True,0,1,0.623517710288523,69.6
0,1,0,1.4863662228735797,1,0,-1.4942531130522119,-0.41065549030891596,True,False,False,False,True,True,False,True,False,True,False,True,False,True,False,True,False,False,True,False,False,True,0,0,0.0027596407370987586,19.9
0,1,1,1.2014260790034217,1,0,-1.480979700582092,-0.4401859602705354,False,False,False,False,True,True,False,True,False,True,False,True,False,True,False,True,False,False,True,False,False,False,0,0,0.002780889567820002,20.3
0,0,0,-0.5082147842175256,1,1,-1.5008898192872717,-0.8248938286041144,True,False,False,False,True,True,False,True,False,True,False,True,False,True,False,True,False,False,True,False,False,True,0,0,0.0374714848385025,19.7
0,0,0,1.1607203441648277,1,0,1.296481858790505,1.7832873003017429,True,False,True,True,False,False,True,False,False,False,True,False,False,False,True,False,True,True,False,False,True,False,0,0,0.178883629216397,104.0
0,0,0,-1.1595065416350294,1,0,-1.3615189883510124,-0.9661398654636287,False,False,True,False,True,True,False,True,False,True,False,True,False,True,False,True,False,True,False,False,True,False,0,0,0.15989911423552433,23.9
0,1,0,1.2421318138420157,1,0,1.250024915145085,1.7540201034749967,True,False,True,True,False,False,False,False,False,False,True,False,False,False,True,False,True,False,True,False,True,False,0,0,0.13254759518072864,102.6
0,0,0,0.7129572609402939,0,1,-0.9931817923051841,-0.2268250238836488,True,True,False,False,False,False,True,False,True,False,False,False,False,False,False,False,False,False,False,False,False,True,0,0,0.08522361901135068,35.0
0,0,0,-1.2816237461508113,1,0,0.5166688761709587,-0.973599270951705,True,False,False,True,False,False,False,False,False,False,False,False,False,False,False,False,True,False,False,False,True,False,1,1,0.6723017613569664,80.5
0,1,1,1.5270719577121736,1,0,0.3042942766490395,1.2825637372006724,False,False,False,False,False,False,True,False,True,False,True,False,True,False,False,False,True,True,False,True,False,False,0,0,0.0087021984359271,74.1
0,1,1,1.6084834273893616,1,1,0.3938898108223492,1.3905715407824348,False,False,True,False,False,False,False,False,False,False,True,False,False,False,True,False,True,False,True,False,False,False,0,0,0.027180624779000736,76.8
0,0,0,0.1023712383613841,1,0,-0.14534257077627324,-0.1389795545475981,False,False,False,False,False,False,True,False,True,False,True,False,False,False,False,False,False,False,False,False,True,False,0,0,0.09474131675315423,60.55
0,0,0,-0.8338606629262776,1,1,0.07698708809823579,-0.6437180329554862,True,False,True,False,False,False,True,False,True,False,False,False,True,False,False,False,False,False,False,False,True,False,0,0,0.26381555064809886,67.25
0,1,0,0.9571916699718578,1,0,1.488946339607244,1.6719227642503458,False,False,True,True,False,False,True,False,True,False,True,False,False,False,True,False,True,True,False,False,False,False,0,0,0.12983540991213122,109.8
0,0,1,-0.8338606629262776,1,1,0.2926800407376848,-0.6265614003329109,True,False,True,True,False,False,False,False,False,False,False,False,False,False,False,False,False,False,False,True,False,False,1,1,0.5413792056414642,73.75
0,0,0,0.14307697319997809,1,0,-0.3029643438589475,-0.1570137642864177,False,False,True,False,False,False,False,False,False,False,True,False,False,False,False,False,False,True,False,False,True,False,0,0,0.10692634815075457,55.8
0,1,0,0.30589991255435406,1,0,1.3545530383472797,0.8465176075668038,False,False,True,True,False,False,True,False,False,False,True,False,False,False,True,False,True,True,False,False,False,False,0,0,0.20394498178581438,105.75
0,0,0,-1.2002122764736234,1,1,-1.5042081724048018,-0.9827041335327391,False,False,False,False,True,True,False,True,False,True,False,True,False,True,False,True,False,False,False,False,False,True,1,0,0.23785697111096363,19.6
1,0,0,0.30589991255435406,1,1,1.28818597599668,0.8289002469582001,False,False,True,True,False,False,False,False,False,False,True,False,True,False,True,False,True,True,False,True,False,False,0,0,0.3076051214330427,103.75
0,1,0,1.4049547531963917,1,0,0.1981069768880804,1.043336215312486,True,False,True,False,False,False,True,False,True,False,True,False,True,False,False,False,False,False,True,True,False,False,0,0,0.0063478926852434964,70.9
0,0,0,1.4049547531963917,1,1,0.2462230970922648,1.1812913379860843,False,False,False,False,False,False,True,False,False,False,True,False,True,False,False,False,True,True,False,False,False,False,0,0,0.019566755777832276,72.35
0,0,0,-1.0373893371192475,1,1,0.06371367562811567,-0.807912711404788,False,False,False,False,False,False,False,False,False,False,False,False,False,False,True,False,True,False,False,False,True,False,0,1,0.5642025080255504,66.85
0,0,0,-1.2002122764736234,1,0,0.8451858348064274,-0.8911289614526502,True,False,False,True,False,False,False,False,True,False,True,False,False,False,False,False,True,False,False,False,True,False,0,1,0.6094207819981209,90.4
0,0,0,0.387311382231542,1,1,1.1737027934418955,0.8440603916413197,True,False,True,True,False,False,False,False,False,False,False,False,True,False,True,False,True,False,False,False,True,False,0,1,0.5211829721487721,100.3
0,1,1,0.30589991255435406,1,1,-1.2851968666478226,-0.5361270785039396,False,False,True,False,True,True,False,True,False,True,False,True,False,True,False,True,False,False,False,False,True,False,0,0,0.0790058068456811,26.2
1,1,0,0.8350744654560759,1,1,0.9646465470375066,1.1286147715835222,False,False,False,True,False,False,False,False,True,False,True,False,True,False,True,False,False,True,False,False,True,False,0,0,0.17348893266049814,94.0
0,0,0,-1.2002122764736234,1,0,-1.5058673489635668,-0.9821337084071803,False,False,False,False,True,True,False,True,False,True,False,True,False,True,False,True,False,False,False,False,True,False,0,0,0.22675993415327095,19.55
1,0,0,-0.9559778674420595,1,1,0.8352307754538371,-0.6505192556063794,False,False,True,True,False,False,False,False,False,False,True,False,False,False,True,False,False,False,False,False,True,False,0,1,0.7736747537655098,90.1
0,1,1,1.6084834273893616,1,1,-1.4876164068171518,-0.4269784246710593,False,False,False,False,True,True,False,True,False,True,False,True,False,True,False,True,False,False,True,True,False,False,0,0,0.0023982652682488963,20.1
1,0,0,0.5501343215859179,1,0,0.665994766459808,0.7328055527294534,True,False,False,True,False,False,True,False,False,False,False,False,False,False,False,False,True,False,False,False,True,False,1,0,0.27799137689947034,85.0
0,1,1,1.1607203441648277,1,1,-1.3548822821159523,-0.3280974230982369,False,False,True,False,True,True,False,True,False,True,False,True,False,True,False,True,False,False,True,False,False,True,0,0,0.0066072013754173405,24.1
0,1,1,0.8757802002946699,1,0,0.16658262227154547,0.6900017288846394,False,False,False,False,False,False,True,False,False,False,True,False,True,False,False,False,True,False,True,False,False,False,0,0,0.009199312564471266,69.95
0,0,0,-0.8745663977648716,0,1,-0.7741704865482051,-0.8024278544282614,True,True,False,False,False,False,False,False,False,False,True,False,False,False,True,False,False,True,False,False,True,False,1,1,0.42440140632608225,41.6
0,1,0,-0.1418631706701798,1,1,-1.5058673489635668,-0.7799618802524082,False,False,False,False,True,True,False,True,False,True,False,True,False,True,False,True,False,False,True,False,False,True,0,0,0.024632595754578268,19.55
0,1,1,1.4049547531963917,1,1,1.5387216363701939,2.2741381208450657,True,False,True,True,False,False,True,False,True,False,True,False,False,False,True,False,True,True,False,False,True,False,1,0,0.16664043126079378,111.3
0,1,1,0.6722515261016999,1,1,1.095721495179941,1.1489965001082951,True,False,True,True,False,False,False,False,False,False,False,False,True,False,True,False,True,True,False,False,True,False,0,0,0.27605216477708716,97.95
0,1,0,1.6084834273893616,1,1,1.1819986762357204,2.205248317219891,True,False,True,True,False,False,True,False,True,False,False,False,True,False,False,False,True,False,True,False,False,False,0,0,0.037725897618781166,100.55
0,1,1,1.5677776925507676,1,0,0.7406577116042327,1.7680393979069988,False,False,False,False,False,False,True,False,True,False,True,False,True,False,True,False,True,False,True,True,False,False,0,0,0.006765889433853818,87.25
1,0,0,0.46872285190873,1,0,0.3291819250305144,0.4250611974904963,False,False,False,False,False,False,False,False,False,False,True,False,True,False,True,False,True,True,False,False,False,False,0,0,0.06432344679500594,74.85
0,1,1,0.346605647392948,1,1,-0.1536384535700982,0.09300795613157307,True,False,False,False,False,False,True,False,True,False,True,False,False,False,False,False,False,True,False,False,False,False,0,0,0.03476031727493488,60.3
0,0,0,-0.8745663977648716,1,1,-0.19843622065675282,-0.7449465533142621,False,False,True,False,False,False,False,False,False,False,False,False,False,False,False,False,True,False,False,False,False,True,0,1,0.4712759911523767,58.95
0,0,0,-0.7931549280876836,1,1,-1.5141632317573919,-0.8863681055970252,False,False,False,False,True,True,False,True,False,True,False,True,False,True,False,True,False,False,False,False,False,True,0,0,0.16510811968847405,19.3
1,1,0,0.9164859351332638,1,0,0.7920921849259474,1.0995889084637434,False,False,False,True,False,False,False,False,False,False,True,False,True,False,True,False,False,False,True,True,False,False,0,0,0.051105494104876865,88.8
0,0,0,-0.8745663977648716,1,0,-0.5435449448798714,-0.7890886822613485,False,False,False,False,False,False,True,False,False,False,False,False,False,False,False,False,False,False,False,True,False,False,1,0,0.1767738929578083,48.55
0,0,1,0.631545791263106,0,0,-0.6430955384057709,-0.08380189336374004,False,True,False,False,False,False,False,False,True,False,True,False,False,False,False,False,True,False,False,True,False,False,0,0,0.08888140004747842,45.55
0,0,0,-0.06045170099299184,1,0,0.5564891135813186,0.10939670877743467,True,False,True,True,False,False,False,False,False,False,False,False,True,False,False,False,False,True,False,True,False,False,0,0,0.1581624662562652,81.7
0,0,0,1.2421318138420157,1,0,1.4690362209020642,2.084427887740962,True,False,False,True,False,False,True,False,True,False,True,False,True,False,True,False,True,False,True,True,False,False,0,0,0.03398704054105914,109.2
1,1,1,1.1607203441648277,1,1,0.008960849188871207,0.7308968225016221,False,False,True,False,False,False,False,False,False,False,True,False,False,False,True,False,False,True,False,False,True,False,0,0,0.08425082692709682,65.2
0,1,1,1.6084834273893616,1,0,-1.3499047524396575,-0.22590356791159238,False,False,True,False,True,True,False,True,False,True,False,True,False,True,False,True,False,False,True,True,False,False,0,0,0.0024694151776974396,24.25
0,1,1,0.8350744654560759,1,1,1.4375118662855293,1.595332221430128,False,False,False,True,False,False,False,False,True,False,True,False,True,False,True,False,True,False,False,False,False,False,0,0,0.2234965281969695,108.25
1,0,0,-1.0373893371192475,1,1,-0.5551591807912262,-0.859580064123669,False,False,False,False,False,False,True,False,False,False,False,False,False,False,False,False,False,False,False,False,True,False,0,1,0.394226054244162,48.2
0,1,1,-0.1825689055087738,1,1,0.5349198183173736,-0.03169575208673689,False,False,False,True,False,False,False,False,False,False,False,False,False,False,False,False,True,False,False,False,True,False,1,1,0.4937831940141195,81.05
0,0,0,-0.6710377235719016,1,0,0.25617815644485514,-0.4848765749152746,False,False,True,True,False,False,False,False,False,False,False,False,False,False,False,False,False,False,False,False,True,False,1,1,0.5740654031268422,72.65
0,0,1,-1.0373893371192475,1,1,0.2030845065643751,-0.8015283378841109,False,False,False,True,False,False,False,False,False,False,False,False,False,False,False,False,False,False,False,False,True,False,0,1,0.5993682865593538,71.05
0,0,0,-1.1188008067964355,1,1,-0.0308593882214887,-0.8464602862358173,False,False,True,False,False,False,False,False,True,False,False,False,False,False,False,False,True,False,False,False,True,False,0,1,0.5686639103602096,64.0
0,1,1,1.5677776925507676,1,0,-1.3615189883510124,-0.2789969834443703,False,False,True,False,True,True,False,True,False,True,False,True,False,True,False,True,False,False,True,True,False,False,0,0,0.0025408003161701736,23.9
0,1,1,-1.0373893371192475,0,1,-1.009773557892834,-0.8863900450249312,True,True,False,False,False,False,True,False,False,False,False,False,True,False,False,False,False,False,False,False,True,False,1,1,0.3518112884854481,34.5
1,0,0,-0.8745663977648716,1,1,1.5420399894877241,-0.48981294619414856,True,False,True,True,False,False,False,False,True,False,True,False,True,False,True,False,True,False,False,False,True,False,0,1,0.7071467131656373,111.4
0,0,0,0.7943687306174818,0,0,-0.03417774133901873,0.45441615202886676,True,True,False,False,False,False,True,False,True,False,True,False,True,False,True,False,True,False,True,True,False,False,0,0,0.020380897013538256,63.9
0,0,0,0.6722515261016999,1,0,0.08196461777453096,0.4420861935456349,False,False,False,False,False,False,True,False,True,False,True,False,True,False,False,False,False,False,True,False,False,False,0,0,0.008336928474067529,67.4
0,0,0,-0.5489205190561197,1,0,-1.5307549973450416,-0.8864119844528373,True,False,False,False,True,True,False,True,False,True,False,True,False,True,False,True,False,True,False,False,False,True,0,0,0.04937773217321474,18.8
0,0,0,-1.2409180113122174,1,1,0.5316014651998437,-0.9338230881579337,True,False,False,True,False,False,False,False,False,False,False,False,False,False,False,False,True,False,False,False,True,False,1,1,0.7418652382757663,80.95
0,1,0,0.7943687306174818,1,1,1.0193993734767515,1.2238099492681187,True,False,True,True,False,False,False,False,True,False,False,False,True,False,False,False,True,False,False,True,False,False,0,0,0.26587611081226065,95.65
0,1,0,-0.38609757970174374,1,0,0.6411071180783331,-0.145341988640369,True,False,True,True,False,False,False,False,True,False,True,False,False,False,False,False,False,False,False,False,True,False,0,1,0.48024108087102757,84.25
1,0,0,-0.9966836022806536,1,1,0.1582867394777205,-0.7575617243602734,True,False,False,True,False,False,False,False,False,False,False,False,False,False,False,False,False,False,False,False,True,False,0,1,0.6879489561418395,69.7
1,1,1,1.3235432835192036,1,1,1.293163505672975,1.9604043017877415,False,False,True,True,False,False,False,False,False,False,True,False,True,False,True,False,True,True,False,False,False,False,0,0,0.1572289986877192,103.9
0,0,1,-1.2409180113122174,1,1,-0.3195561094465974,-0.9612473730405668,True,False,False,False,False,False,False,False,False,False,False,False,False,False,False,False,True,False,False,False,True,False,0,1,0.5078040705487933,55.3
0,1,0,1.2014260790034217,1,0,-1.3698148711448375,-0.38726806016100634,False,False,True,False,True,True,False,True,False,True,False,True,False,True,False,True,False,False,True,False,False,False,0,0,0.004878204342043397,23.65
0,0,0,-1.2002122764736234,1,1,0.8269348926600121,-0.9016598868475815,True,False,False,True,False,False,False,False,False,False,True,False,True,False,True,False,False,False,False,False,False,True,0,1,0.5764683301350836,89.85
0,1,1,0.6722515261016999,1,1,0.9530323111261518,0.9744683511152172,True,False,True,True,False,False,False,False,True,False,True,False,False,False,True,False,False,True,False,False,True,False,0,0,0.24503410873138068,93.65
0,0,1,-0.7117434584104956,1,0,0.13505826765501053,-0.5724148922606399,False,False,False,True,False,False,False,False,False,False,False,False,False,False,False,False,False,False,False,False,False,False,1,0,0.3495803405463929,69.0
0,0,1,0.346605647392948,1,1,-1.4826388771408567,-0.6293696471048925,False,False,False,False,True,True,False,True,False,True,False,True,False,True,False,True,False,True,False,True,False,False,0,0,0.018971069906289134,20.25
1,0,0,0.5501343215859179,1,1,1.31141444781939,1.1252799785417942,False,False,True,True,False,False,False,False,True,False,True,False,False,False,True,False,True,False,False,False,True,False,0,1,0.5815886177375884,104.45
0,0,0,0.9571916699718578,1,1,-1.2934927494416477,-0.37528913252427215,True,False,True,False,True,True,False,True,False,True,False,True,False,True,False,True,False,False,True,False,False,False,0,0,0.009304821605379503,25.95
0,0,0,0.631545791263106,1,1,1.0111034906829266,0.941625027539776,True,False,True,True,False,False,True,False,False,False,False,False,True,False,False,False,True,False,False,False,True,False,0,0,0.30600120249133556,95.4
0,0,0,-1.2409180113122174,1,0,0.19147027065302033,-0.9522302681711572,True,False,False,True,False,False,False,False,False,False,False,False,False,False,False,False,False,False,False,False,False,True,0,1,0.5365156782463536,70.7
0,1,1,1.6084834273893616,1,0,-1.3664965180273074,-0.2720860636539467,False,False,True,False,True,True,False,True,False,True,False,True,False,True,False,True,False,False,True,False,False,False,0,0,0.002480116101000888,23.75
0,1,0,0.5094285867473239,1,0,0.4602568731729489,0.5696200879638326,True,False,False,False,False,False,True,False,True,False,True,False,False,False,True,False,True,True,False,False,False,False,0,0,0.04911495928121032,78.8
0,1,1,0.18378270803857208,1,1,-0.07067962563184861,-0.009032323059728745,True,False,True,False,False,False,True,False,False,False,True,False,True,False,False,False,False,False,True,True,False,False,0,0,0.023997358333499752,62.8
0,0,0,1.1607203441648277,1,0,0.8053655973960674,1.4046785929260617,False,False,True,True,False,False,False,False,False,False,True,False,False,False,False,False,True,False,False,False,False,True,0,0,0.23724256887002065,89.2
0,0,0,1.1200146093262338,1,0,-1.4710246412295018,-0.5293258558530465,False,False,False,False,True,True,False,True,False,True,False,True,False,True,False,True,False,False,True,False,False,True,0,0,0.0038897414021252107,20.6
1,1,0,-1.2409180113122174,1,0,-0.49045129499939155,-0.9584171868406792,False,False,False,False,False,False,False,False,True,False,False,False,False,False,False,False,False,False,False,True,False,False,1,0,0.3170367882839428,50.15
0,1,1,1.2421318138420157,1,0,0.3524103968532244,1.0568289634747416,False,False,False,False,False,False,True,False,True,False,True,False,True,False,True,False,False,False,True,True,False,False,0,0,0.0057824744550278515,75.55
1,0,0,-1.1595065416350294,1,1,0.6527213539896879,-0.850913990100757,False,False,True,True,False,False,False,False,False,False,False,False,False,False,False,False,True,False,False,False,True,False,1,1,0.8068508324288302,84.6
0,0,0,1.2014260790034217,1,0,1.2301147964399053,1.8560384432383923,True,False,True,True,False,False,True,False,True,False,False,False,True,False,False,False,True,True,False,False,True,False,1,0,0.09048676913855144,102.0
0,0,0,1.2014260790034217,1,1,0.8999386612456718,1.5166574329588296,False,False,True,True,False,False,True,False,True,False,True,False,False,False,False,False,False,True,False,False,True,False,0,0,0.11713102502032212,92.05
0,0,0,1.4863662228735797,1,1,1.085766435827351,1.9500708312439654,True,False,True,True,False,False,False,False,True,False,True,False,True,False,True,False,False,False,True,True,False,False,0,0,0.055486411311368826,97.65
0,0,0,-1.1595065416350294,1,1,1.3512346852297499,-0.8141435089301222,False,False,False,True,False,False,False,False,True,False,True,False,True,False,True,False,True,True,False,False,True,False,1,1,0.48593418214956896,105.65
0,1,0,0.6722515261016999,0,1,-0.2863725782712976,0.21117371483386305,False,True,False,False,False,False,False,False,True,False,False,False,True,False,True,False,True,True,False,True,False,False,0,0,0.08257852448402937,56.3
0,0,0,0.7536629957788878,1,1,0.5382381714349038,0.8016075986430036,True,False,True,False,False,False,True,False,True,False,True,False,True,False,True,False,False,True,False,True,False,False,0,0,0.040543446379558555,81.15
0,0,0,-0.2639803751859618,0,1,-0.6729607164635407,-0.5014408429843851,True,True,False,False,False,False,True,False,True,False,False,False,False,False,False,False,True,False,False,False,False,False,0,0,0.24080826652475126,44.65
0,0,0,-0.9559778674420595,1,1,-0.7028258945213105,-0.8309052318503877,False,False,False,False,False,False,False,False,False,False,False,False,False,False,False,False,False,False,False,False,True,False,0,1,0.4386422384116445,43.75
0,0,0,0.9978974048104517,1,0,0.9878750188602166,1.390790935061496,False,False,True,True,False,False,False,False,True,False,False,False,True,False,False,False,True,True,False,False,True,False,0,0,0.1352032600002355,94.7
0,1,0,0.18378270803857208,1,0,-1.5075265255223318,-0.655609202880596,False,False,False,False,True,True,False,True,False,True,False,True,False,True,False,True,False,False,False,False,False,False,0,0,0.04054320450697022,19.5
0,0,0,-0.10115743583158582,1,1,1.064197140563406,0.31679012077386026,True,False,False,True,False,False,False,False,True,False,False,False,False,False,True,False,True,True,False,False,False,False,0,0,0.31818363761885515,97.0
1,1,1,1.5270719577121736,1,1,1.4258976303741746,2.271395692356802,False,False,True,True,False,False,False,False,True,False,True,False,True,False,True,False,True,True,False,False,True,False,0,0,0.17731642476485676,107.9
0,0,1,-0.4268033145403377,1,1,0.8120023036311275,-0.13068645079908978,True,False,False,True,False,False,False,False,True,False,True,False,False,False,True,False,False,False,False,False,True,False,1,1,0.5097189711179833,89.4
0,0,0,0.26519417771576004,0,1,-0.5302715324097512,-0.18362629033652503,True,True,False,False,False,False,True,False,True,False,False,False,True,False,True,False,False,False,False,True,False,False,1,0,0.11599521184355623,48.95
1,1,0,0.020959768684196134,1,1,0.5199872292884885,0.15672005477090653,False,False,True,True,False,False,False,False,True,False,False,False,False,False,False,False,False,False,False,False,False,False,1,1,0.4257757508341487,80.6
0,0,0,1.1200146093262338,1,1,1.7145943515992828,2.084318190601431,True,False,True,True,False,False,True,False,True,False,True,False,True,False,True,False,True,True,False,True,False,False,0,0,0.125375405148448,116.6
0,1,1,-1.2816237461508113,1,0,-1.5091857020810966,-1.000387312425061,False,False,False,False,True,True,False,True,False,True,False,True,False,True,False,True,False,False,False,False,True,False,0,0,0.20806941077882365,19.45
0,1,1,-0.8338606629262776,1,1,-0.21834633936193276,-0.6839768831631918,False,False,False,False,False,False,False,False,False,False,True,False,False,False,True,False,False,False,False,True,False,False,0,0,0.3189440028939585,58.35
0,1,1,0.7536629957788878,1,0,-1.4925939364934466,-0.5575180207123934,False,False,False,False,True,True,False,True,False,True,False,True,False,True,False,True,False,False,True,False,False,True,0,0,0.004996822993904895,19.95
0,1,1,-0.4268033145403377,1,1,0.505054640259604,-0.22320501827914122,False,False,False,True,False,False,False,False,False,False,False,False,False,False,False,False,True,False,False,False,True,False,0,1,0.5486023555796259,80.15
0,1,1,-1.2816237461508113,1,0,-1.5307549973450416,-1.0006725249878403,True,False,False,False,True,True,False,True,False,True,False,True,False,True,False,True,False,True,False,False,False,True,0,0,0.09104181818200133,18.8
0,1,1,0.26519417771576004,1,0,1.1637477340893057,0.6740737042248061,True,False,True,True,False,False,False,False,False,False,True,False,False,False,True,False,True,True,False,False,True,False,0,0,0.3150431749724881,100.0
0,0,0,-1.1595065416350294,1,1,0.9480547814498567,-0.8499925341287003,False,False,True,True,False,False,False,False,True,False,False,False,True,False,False,False,True,False,False,False,True,False,1,1,0.6792773459713729,93.5
0,0,0,0.26519417771576004,1,1,0.5150096996121938,0.39588175837537454,False,False,False,True,False,False,False,False,False,False,True,False,True,False,False,False,False,False,True,False,True,False,1,0,0.1089223123667444,80.45
1,1,0,1.4863662228735797,1,1,0.6626764133422782,1.529755271418775,True,False,True,True,False,False,True,False,True,False,False,False,False,False,False,False,False,False,False,True,False,False,0,0,0.13789711751736505,84.9
1,1,0,-0.9966836022806536,1,1,-0.017585975751368575,-0.7536784456208925,True,False,False,False,False,False,False,False,False,False,True,False,True,False,False,False,True,False,False,True,False,False,0,1,0.3565223750179182,64.4
0,1,0,1.4456604880349857,1,0,-1.3233579274994176,-0.29404743098795944,True,False,True,False,True,True,False,True,False,True,False,True,False,True,False,True,False,False,True,True,False,False,0,0,0.0036912657379275385,25.05
1,0,0,-1.2409180113122174,1,0,0.19312944721178524,-0.9409753416553245,False,False,False,True,False,False,False,False,False,False,False,False,False,False,False,False,False,False,False,False,True,False,1,1,0.6433270024451697,70.75
1,1,0,-0.3453918448631497,0,0,-0.8571293144864547,-0.5827264233765099,True,True,False,False,False,False,True,False,False,False,False,False,False,False,False,False,True,False,False,False,False,False,1,0,0.2474612159018027,39.1
0,1,0,0.387311382231542,1,1,-0.4871329418818615,-0.0419853437747008,False,False,True,False,False,False,False,False,False,False,False,False,False,False,False,False,False,False,False,False,True,False,1,0,0.2251786018005041,50.25
0,1,0,1.0793088744876398,1,1,0.5033954637008385,1.0504007110982523,False,False,True,False,False,False,False,False,True,False,False,False,True,False,True,False,True,True,False,False,True,False,0,0,0.08939195710783553,80.1
0,1,1,-1.2816237461508113,1,0,0.5000771105833088,-0.973818665230766,True,False,False,True,False,False,False,False,False,False,False,False,False,False,False,False,True,False,False,False,True,False,1,1,0.6276328197442983,80.0
0,1,1,0.5501343215859179,0,0,-0.9915226157464192,-0.2979745885831525,False,True,False,False,False,False,True,False,True,False,False,False,False,False,False,False,False,False,False,False,False,False,0,0,0.05276200480351555,35.05
0,0,0,-1.1595065416350294,0,1,-1.1707136840930383,-0.9569253057430639,True,True,False,False,False,False,False,False,False,False,True,False,False,False,False,False,False,False,False,False,True,False,1,1,0.6144252126642192,29.65
0,1,1,-0.8745663977648716,1,1,-1.4760021709057967,-0.8988735795035058,True,False,False,False,True,True,False,True,False,True,False,True,False,True,False,True,False,False,False,False,True,False,0,0,0.1953622423953524,20.45
0,1,0,1.0793088744876398,1,0,0.04878108659923111,0.7278911208784854,True,False,False,False,False,False,True,False,True,False,True,False,False,False,True,False,False,True,False,True,False,False,0,0,0.0219172666699114,66.4
0,1,1,0.8350744654560759,1,0,-0.14368339421750811,0.43776412624813194,False,False,False,False,False,False,False,False,False,False,True,False,False,False,False,False,True,True,False,True,False,False,0,0,0.03359459461250692,60.6
0,0,0,-1.2002122764736234,1,1,-0.3560579937394271,-0.9473158363201892,False,False,False,False,False,False,False,False,False,False,False,False,False,False,True,False,False,False,False,False,True,False,0,1,0.5527984733010336,54.2
0,1,0,1.6084834273893616,1,1,-1.3167212212643575,-0.2010242566660675,False,False,True,False,True,True,False,True,False,True,False,True,False,True,False,True,False,False,True,False,False,False,0,0,0.004577250209992774,25.25
0,0,0,-0.9559778674420595,1,1,-1.5257774676687466,-0.9274825934930689,True,False,False,False,True,True,False,True,False,True,False,True,False,True,False,True,False,False,False,False,False,True,1,0,0.1959477184124151,18.95
0,1,1,-0.3453918448631497,1,1,-1.464387934994442,-0.8028447035584773,True,False,False,False,True,True,False,True,False,True,False,True,False,True,False,True,False,True,False,True,False,False,0,0,0.041761752651784015,20.8
1,1,0,0.5094285867473239,1,1,0.7024966507526377,0.6854383278801691,False,False,False,True,False,False,False,False,False,False,True,False,False,False,False,False,True,False,False,False,True,False,0,1,0.45336626636591765,86.1
0,1,0,0.6722515261016999,0,0,-0.8056948411647401,-0.10030034314913215,False,True,False,False,False,False,True,False,False,False,False,False,False,False,True,False,False,False,False,False,False,False,0,0,0.0888592211909923,40.65
0,1,0,1.1607203441648277,1,0,-1.3449272227633626,-0.38676345331916584,False,False,True,False,True,True,False,True,False,True,False,True,False,True,False,True,False,False,True,False,False,True,0,0,0.005506009994700982,24.4
0,0,0,-1.2409180113122174,1,1,0.1781968581829002,-0.9457361975109496,True,False,False,True,False,False,False,False,False,False,False,False,False,False,False,False,False,False,False,False,True,False,0,1,0.6986904713539684,70.3
0,0,0,-1.1188008067964355,1,1,0.6792681789299281,-0.8220417029763206,False,False,False,True,False,False,False,False,False,False,False,False,True,False,False,False,True,False,False,True,False,False,1,1,0.5396169684333509,85.4
0,0,0,-1.2409180113122174,0,1,-0.7409869553729053,-0.9771534582724941,False,True,False,False,False,False,True,False,True,False,False,False,False,False,False,False,True,False,False,False,True,False,1,1,0.5579511160369418,42.6
0,0,0,-0.30468611002455576,1,0,0.5581482901400835,-0.1187075231623556,True,False,True,False,False,False,True,False,True,False,True,False,True,False,False,False,True,False,False,False,False,False,0,0,0.11925087164599028,81.75
0,1,0,1.1200146093262338,1,1,1.3678264508173998,1.8042613933799807,False,False,True,True,False,False,False,False,True,False,True,False,False,False,True,False,True,False,False,False,True,False,0,1,0.4549316054594528,106.15
0,1,1,0.7536629957788878,1,0,1.497242222401069,1.4862055070251534,True,False,True,True,False,False,True,False,True,False,False,False,True,False,True,False,True,True,False,True,False,False,0,0,0.09048817783620082,110.05
0,1,1,-1.2409180113122174,1,0,-0.27309916580117743,-0.9590973091057684,True,False,True,False,False,False,True,False,False,False,False,False,False,False,False,False,False,False,False,False,False,True,1,0,0.2664118473716134,56.7
1,1,0,1.2014260790034217,1,1,1.28818597599668,1.7920191926083735,True,False,True,True,False,False,False,False,True,False,True,False,False,False,True,False,True,True,False,False,True,False,1,0,0.3169365060426701,103.75
0,1,0,0.7943687306174818,1,1,0.5465340542287288,0.9017610870343801,True,False,True,False,False,False,True,False,True,False,True,False,True,False,False,False,True,True,False,True,False,False,0,0,0.04126571339160695,81.4
0,0,0,1.4456604880349857,1,1,0.39720816393987946,1.1951131775669315,True,False,True,False,False,False,True,False,True,False,True,False,False,False,False,False,True,True,False,True,False,False,0,0,0.030388421989307,76.9
0,0,0,-0.4268033145403377,1,1,0.6377887649608033,-0.2094709364099185,False,False,True,True,False,False,False,False,False,False,False,False,False,False,True,False,False,False,False,False,False,False,0,1,0.5781111813144805,84.15
1,1,0,-1.2816237461508113,0,0,-1.3233579274994176,-0.9979300964995771,True,True,False,False,False,False,False,False,False,False,False,False,False,False,False,False,False,False,False,False,True,False,1,1,0.6063171887201017,25.05
1,0,0,-1.2002122764736234,0,1,-0.7891030755770901,-0.9509139024967908,True,True,False,False,False,False,False,False,False,False,True,False,False,False,False,False,True,False,False,False,True,False,1,1,0.703366153969248,41.15
1,0,0,-0.6710377235719016,1,1,1.0442870218582263,-0.31510928177782177,False,False,True,True,False,False,False,False,False,False,False,False,False,False,True,False,True,False,False,False,True,False,1,1,0.7842407629794022,96.4
1,0,0,-0.019745966154397852,1,1,0.31424933600162985,-0.009822142464348661,False,False,False,True,False,False,False,False,True,False,False,False,False,False,False,False,False,False,False,False,True,False,1,1,0.44251608256965,74.4
0,0,0,0.7129572609402939,1,0,-1.3283354571757127,-0.4844597257850585,True,False,True,False,True,True,False,True,False,True,False,True,False,True,False,True,False,False,True,False,False,False,0,0,0.008355705206025703,24.9
0,1,1,-1.2816237461508113,1,1,-0.5369082386448113,-0.9875308076720826,True,False,False,False,False,False,True,False,False,False,False,False,False,False,False,False,False,False,False,False,False,True,0,0,0.3013034361769816,48.75
0,0,0,-1.0780950719578415,1,0,0.6294928821669784,-0.7906025027868699,False,False,False,True,False,False,False,False,False,False,True,False,False,False,False,False,True,False,False,False,True,False,1,1,0.6269908904212772,83.9
0,0,0,-1.2816237461508113,1,1,-0.4705411762942116,-0.9866532305558383,True,False,False,False,False,False,False,False,True,False,False,False,False,False,False,False,False,False,False,False,True,False,1,1,0.4744852945621798,50.75
0,1,1,-0.1418631706701798,1,0,-1.4842980536996218,-0.7637267036018893,False,False,False,False,True,True,False,True,False,True,False,True,False,True,False,True,False,False,True,False,False,True,0,0,0.01364220464423372,20.2
0,0,0,-1.2816237461508113,1,1,-1.5141632317573919,-1.0004531307087794,True,False,False,False,True,True,False,True,False,True,False,True,False,True,False,True,False,False,False,False,False,True,1,0,0.259923406770694,19.3
0,0,0,1.0386031396490458,1,1,1.0077851375653963,1.5438184447065895,False,False,False,True,False,False,False,False,False,False,False,False,True,False,True,False,True,False,False,False,True,False,0,0,0.33863454221041395,95.3
1,1,1,0.1023712383613841,1,1,0.3690021624408743,0.1965181769925838,True,False,False,False,False,False,False,False,True,False,False,False,True,False,True,False,True,False,False,False,True,False,0,0,0.22851762516437318,76.05
0,0,0,0.428017117070136,1,0,-1.5058673489635668,-0.6244771546818307,True,False,False,False,True,True,False,True,False,True,False,True,False,True,False,True,False,False,True,False,False,True,0,0,0.00911144235760635,19.55
0,0,0,0.346605647392948,1,0,-0.4937696481169216,-0.11859782602282506,False,False,False,False,False,False,False,False,False,False,False,False,True,False,False,False,False,True,False,False,False,False,0,0,0.0337028977070946,50.05
0,1,1,0.590840056424512,1,0,-1.5141632317573919,-0.6181805388727782,False,False,False,False,True,True,False,True,False,True,False,True,False,True,False,True,False,False,True,False,False,False,0,0,0.005524222888923825,19.3
0,0,0,0.020959768684196134,1,1,1.1637477340893057,0.4481195362198142,False,False,True,True,False,False,False,False,True,False,False,False,False,False,True,False,True,False,False,False,True,False,0,1,0.6283216596212986,100.0
0,0,0,1.4049547531963917,1,0,-1.4743429943470319,-0.38103726263567206,True,False,False,False,True,True,False,True,False,True,False,True,False,True,False,True,False,False,True,False,False,False,0,0,0.0027723024765234595,20.5
0,1,0,1.6084834273893616,1,0,-1.5108448786398618,-0.3522966120786724,False,False,False,False,True,True,False,True,False,True,False,True,False,True,False,True,False,False,True,False,False,False,0,0,0.002221806552547638,19.4
0,1,1,0.7129572609402939,1,0,-0.33282952191671733,0.13811541990652812,True,False,True,False,False,False,False,False,False,False,True,False,False,False,False,False,False,True,False,False,False,False,0,0,0.03748127214591691,54.9
1,1,0,0.6722515261016999,1,0,-0.5020655309107466,0.043468727919584366,True,False,False,False,False,False,False,False,True,False,False,False,False,False,False,False,False,False,True,False,False,True,0,0,0.021272543719719022,49.8
0,0,0,-1.1595065416350294,1,1,0.3125901594428645,-0.8924892059828289,True,False,True,True,False,False,False,False,False,False,False,False,False,False,False,False,False,False,False,False,True,False,1,1,0.7437931843151184,74.35
0,1,0,1.1607203441648277,1,0,0.9696240767138018,1.5061484469918047,True,False,False,True,False,False,False,False,True,False,True,False,True,False,False,False,True,False,False,True,False,False,0,0,0.11849853326370581,94.15
0,1,1,-1.0373893371192475,1,0,-1.469365464670737,-0.9431034661622167,True,False,False,False,True,True,False,True,False,True,False,True,False,True,False,True,False,True,False,False,False,True,0,0,0.06873598263574796,20.65
1,0,0,-0.7524491932490895,1,0,0.8468450113651922,-0.4533715564421055,True,False,False,True,False,False,False,False,False,False,False,False,False,False,True,False,True,False,False,True,False,False,1,1,0.5702580105904862,90.45
0,1,0,-0.2639803751859618,1,1,0.2694515689149748,-0.14911557024021932,False,False,False,False,False,False,False,False,True,False,False,False,True,False,True,False,True,False,False,False,True,False,0,0,0.3027756089675494,73.05
1,0,0,0.1023712383613841,1,0,0.18649274097672516,0.052507772216900235,False,False,False,True,False,False,False,False,False,False,False,False,False,False,False,False,False,False,False,False,True,False,0,1,0.36090724010283537,70.55
1,1,0,0.8757802002946699,1,1,1.1338825560315355,1.3768155194853062,False,False,False,True,False,False,False,False,False,False,True,False,True,False,True,False,True,True,False,False,True,False,0,0,0.2511917489237395,99.1
0,0,0,-0.9966836022806536,1,0,1.0193993734767515,-0.6675003728057058,False,False,True,True,False,False,False,False,False,False,False,False,False,False,True,False,True,False,False,False,False,False,1,1,0.6480905601664568,95.65
0,0,1,-1.2816237461508113,1,1,0.2229946252695553,-0.9774825496910857,True,False,False,True,False,False,False,False,False,False,False,False,False,False,False,False,False,False,False,False,True,False,1,1,0.6520796167128181,71.65
0,1,1,1.4049547531963917,1,1,1.1720436168831305,1.9261349153984026,False,False,True,True,False,False,True,False,False,False,True,False,True,False,False,False,True,True,False,False,False,False,0,0,0.06819158585714873,100.25
0,0,1,-0.3453918448631497,1,0,-1.4992306427285067,-0.7903611690799027,False,False,False,False,True,True,False,True,False,True,False,True,False,True,False,True,False,False,True,False,False,True,0,0,0.017051610821304058,19.75
0,1,1,1.2828375486806096,1,0,-1.3283354571757127,-0.3088346053966753,False,False,True,False,True,True,False,True,False,True,False,True,False,True,False,True,False,True,False,False,False,True,0,0,0.007296972102136556,24.9
1,1,1,0.06166550352279012,1,1,0.4868036981131887,0.18383718766285437,False,False,True,True,False,False,False,False,True,False,False,False,False,False,False,False,False,False,False,False,False,True,1,1,0.3857960358278062,79.6
0,1,1,-0.9966836022806536,1,0,-1.4942531130522119,-0.9413702513576344,True,False,False,False,True,True,False,True,False,True,False,True,False,True,False,True,False,True,False,True,False,False,0,0,0.06021376294959511,19.9
0,0,0,-1.0780950719578415,1,0,-1.4842980536996218,-0.9546655446687349,False,False,False,False,True,True,False,True,False,True,False,True,False,True,False,True,False,False,False,False,False,True,0,0,0.15621166387840701,20.2
0,0,0,-0.7931549280876836,1,1,1.1305642029140057,-0.43775068377295756,True,False,True,True,False,False,False,False,False,False,False,False,True,False,True,False,True,False,False,False,False,True,1,1,0.6459981979748416,99.0
0,1,1,1.2014260790034217,1,1,-1.3499047524396575,-0.38382356997974765,True,False,True,False,True,True,False,True,False,True,False,True,False,True,False,True,False,False,True,False,False,False,0,0,0.005724493655512532,24.25
0,1,0,0.06166550352279012,1,1,1.1654069106480704,0.518062432384482,True,False,True,True,False,False,False,False,False,False,True,False,False,False,True,False,True,False,False,False,True,False,1,1,0.6638668097660898,100.05
0,0,0,-0.9559778674420595,1,1,1.1405192622665956,-0.605784762105828,True,False,True,True,False,False,False,False,True,False,False,False,False,False,True,False,True,False,False,True,False,False,0,1,0.6930698016647877,99.3
0,0,0,-0.4268033145403377,1,0,-1.480979700582092,-0.8039416749537827,True,False,False,False,True,True,False,True,False,True,False,True,False,True,False,True,False,True,False,True,False,False,0,0,0.039404876401653965,20.3
0,0,1,0.30589991255435406,1,1,-0.3212152860053623,-0.07026526634567232,True,False,False,False,False,False,True,False,True,False,False,False,False,False,False,False,False,False,False,False,False,True,1,0,0.07107187774203483,55.25
1,1,0,0.1023712383613841,1,1,1.1803394996769556,0.5941264289349536,False,False,True,True,False,False,True,False,True,False,False,False,True,False,True,False,False,False,False,False,False,False,1,0,0.32033623948163464,100.5
0,0,0,-1.0373893371192475,1,0,-1.3747924008211323,-0.9330113293254078,True,False,True,False,True,True,False,True,False,True,False,True,False,True,False,True,False,False,False,False,False,True,0,0,0.1985476856935862,23.5
1,0,0,-0.019745966154397852,1,0,-1.497571466169742,-0.7510457142721597,True,False,False,False,True,True,False,True,False,True,False,True,False,True,False,True,False,True,False,True,False,False,0,0,0.028697739409815487,19.8
0,0,1,1.1607203441648277,1,0,-1.4992306427285067,-0.515635652839636,True,False,False,False,True,True,False,True,False,True,False,True,False,True,False,True,False,False,True,False,False,True,0,0,0.0030723857672787388,19.75
0,0,0,-1.2409180113122174,1,0,-1.466047111553207,-0.9895272956115384,True,False,False,False,True,True,False,True,False,True,False,True,False,True,False,True,False,False,False,False,False,True,0,0,0.1841564876460782,20.75
0,1,0,0.9571916699718578,1,0,1.2699350338502653,1.5116333039683314,False,False,True,True,False,False,False,False,False,False,True,False,True,False,True,False,True,False,True,False,False,False,0,0,0.08547881976685726,103.2
1,1,0,1.3235432835192036,1,1,1.3711448039349297,2.0537346281003193,False,False,True,True,False,False,False,False,True,False,True,False,False,False,True,False,True,True,False,False,True,False,1,0,0.30101803391334947,106.25
0,1,1,-0.1825689055087738,1,0,-0.49874717779321653,-0.3901201857888002,False,False,True,False,False,False,False,False,False,False,False,False,False,False,False,False,False,False,False,False,False,True,0,0,0.1667045571809663,49.9
0,0,0,-0.5896262538947137,1,0,0.15165003324266044,-0.48263875326885164,True,False,True,False,False,False,True,False,False,False,True,False,False,False,True,False,False,False,False,False,False,True,0,0,0.2375336432881829,69.5
0,1,1,1.5677776925507676,1,1,0.850163364482722,1.7287020036713499,False,False,True,False,False,False,True,False,True,False,True,False,True,False,True,False,True,False,True,True,False,False,0,0,0.013059998896324962,90.55
0,0,0,1.6084834273893616,1,1,0.7854554786908873,1.7124229481650186,True,False,True,False,False,False,False,False,True,False,True,False,True,False,True,False,True,False,True,False,False,False,0,0,0.022756595242697224,88.6
1,0,0,-1.2816237461508113,1,1,0.38227557491099445,-0.9753763646120996,True,False,True,True,False,False,False,False,False,False,False,False,False,False,False,False,False,False,False,False,True,False,1,1,0.7843084182098922,76.45
0,0,0,-1.2816237461508113,1,0,-1.4992306427285067,-1.0002556758576244,True,False,False,False,True,True,False,True,False,True,False,True,False,True,False,True,False,False,False,False,False,True,1,0,0.19349691986226025,19.75
0,0,0,0.06166550352279012,1,0,-1.4793205240233267,-0.7135292925527174,False,False,False,False,True,True,False,True,False,True,False,True,False,True,False,True,False,False,False,False,False,True,0,0,0.047671535661005945,20.35
0,0,0,-0.9966836022806536,1,1,0.7340210053691726,-0.67452098973566,False,False,True,True,False,False,False,False,False,False,False,False,False,False,True,False,False,False,False,False,True,False,1,1,0.7565543534970366,87.05
0,0,0,0.590840056424512,1,1,1.376122333611225,1.241164036741849,False,False,True,True,False,False,False,False,True,False,True,False,False,False,True,False,True,False,False,False,True,False,1,1,0.5402100197361981,106.4
0,1,1,1.6084834273893616,1,1,-1.3565414586747175,-0.258966285766095,False,False,True,False,True,True,False,True,False,True,False,True,False,True,False,True,False,False,True,False,False,False,0,0,0.0036098632202594067,24.05
0,1,1,0.7943687306174818,1,1,-1.3233579274994176,-0.45155058392589864,False,False,True,False,True,True,False,True,False,True,False,True,False,True,False,True,False,False,True,False,False,False,0,0,0.008887865146861957,25.05
0,0,0,-1.2002122764736234,1,0,-1.4959122896109767,-0.9805979484537528,True,False,False,False,True,True,False,True,False,True,False,True,False,True,False,True,False,False,False,False,False,True,1,0,0.179319571828542,19.85
0,1,0,1.1200146093262338,0,0,-0.9035862581318744,-0.004666376906413613,False,True,False,False,False,False,True,False,True,False,False,False,True,False,False,False,False,False,True,False,False,False,0,0,0.007561771844310345,37.7
0,0,0,-1.2002122764736234,1,1,1.050923728093286,-0.8808393697646862,False,False,True,True,False,False,False,False,False,False,False,False,False,False,True,False,True,False,False,False,True,False,1,1,0.8184989747121333,96.6
0,0,0,-0.5489205190561197,1,1,0.6991782976351079,-0.33650022398627566,True,False,True,True,False,False,False,False,False,False,False,False,False,False,False,False,True,False,False,False,False,False,1,1,0.5966918654065357,86.0
0,0,0,-1.2816237461508113,1,1,0.16492344571278056,-0.9782504296677995,True,False,False,True,False,False,False,False,False,False,False,False,False,False,False,False,False,False,False,False,True,False,0,1,0.7070861996306319,69.9
0,1,0,-1.0780950719578415,1,1,1.3396204493183947,-0.7696942279923503,False,False,True,True,False,False,False,False,True,False,True,False,False,False,True,False,True,False,False,False,True,False,1,1,0.7750841039831092,105.3
0,1,1,0.6722515261016999,1,0,-0.17686692539280796,0.29441190430963154,True,False,False,False,False,False,True,False,True,False,False,False,True,False,False,False,False,False,False,True,False,False,0,0,0.02509089580224708,59.6
1,0,0,-0.4268033145403377,1,1,0.8485041879239571,-0.17057233073239159,True,False,True,True,False,False,False,False,False,False,False,False,True,False,True,False,False,False,False,False,False,False,1,1,0.5265715915546209,90.5
0,1,1,0.387311382231542,1,1,-1.5224591145512167,-0.6746306868751905,False,False,False,False,True,True,False,True,False,True,False,True,False,True,False,True,False,True,False,False,True,False,0,0,0.02748635428783674,19.05
1,1,0,0.5501343215859179,1,1,1.1255866732377107,0.9941041390911827,True,False,True,True,False,False,False,False,False,False,True,False,False,False,True,False,True,False,False,False,True,False,0,1,0.6187471359144915,98.85
0,0,0,1.4456604880349857,0,1,-0.8305824895462149,0.21808463462428662,True,True,False,False,False,False,False,False,False,False,True,False,False,False,False,False,True,False,False,False,False,False,0,0,0.08570814850449714,39.9
0,0,1,-1.2409180113122174,1,0,-1.4743429943470319,-0.992138087532365,False,False,False,False,True,True,False,True,False,True,False,True,False,True,False,True,False,True,False,False,False,False,0,0,0.07596064473434404,20.5
0,0,1,-1.3223294809894055,1,0,-1.4826388771408567,-1.0089217498805365,True,False,False,False,True,True,False,True,False,True,False,True,False,True,False,True,False,False,True,False,False,True,0,0,0.05074873243149025,20.25
0,1,1,0.1023712383613841,1,0,0.242904743974735,0.11812860108406513,False,False,True,False,False,False,True,False,False,False,True,False,True,False,True,False,False,False,False,False,True,False,1,0,0.12188821147783953,72.25
0,0,0,-1.2409180113122174,1,0,-1.5075265255223318,-0.9968331251042717,False,False,False,False,True,True,False,True,False,True,False,True,False,True,False,True,False,False,False,False,False,True,0,0,0.1834091613118942,19.5
0,1,1,1.4456604880349857,1,0,-0.07565715530814353,0.9111292227502877,True,False,False,False,False,False,True,False,True,False,True,False,True,False,False,False,False,False,True,True,False,False,0,0,0.003559597972133475,62.65
0,1,0,-0.6710377235719016,1,1,0.34743286717692967,-0.48702663885007297,True,False,True,True,False,False,False,False,False,False,False,False,False,False,False,False,False,False,False,False,True,False,0,1,0.6618789190471708,75.4
0,1,0,1.6084834273893616,1,1,1.5254482239000742,2.607068939320233,True,False,True,True,False,False,True,False,False,False,True,False,True,False,True,False,True,False,True,True,False,False,0,0,0.06265739797162315,110.9
0,1,0,0.18378270803857208,1,0,0.9746016063900964,0.5097035103522554,True,False,True,True,False,False,False,False,False,False,True,False,True,False,True,False,False,False,True,False,False,True,0,0,0.11307361633215934,94.3
0,1,1,0.8350744654560759,1,0,-1.3067661619117676,-0.4226563573735563,True,False,True,False,True,True,False,True,False,True,False,True,False,True,False,True,False,False,True,True,False,False,0,0,0.005867083044418334,25.55
0,0,0,0.30589991255435406,1,0,0.6278337056082129,0.5409891345463634,False,False,True,True,False,False,False,False,False,False,False,False,False,False,False,False,True,False,False,False,False,False,0,1,0.35865220639237977,83.85
0,0,0,0.5501343215859179,1,1,0.9696240767138018,0.9254556691729753,False,False,True,True,False,False,False,False,True,False,True,False,False,False,False,False,True,True,False,False,True,False,0,0,0.3050602946375866,94.15
0,0,0,-1.2002122764736234,1,1,1.1952720887058406,-0.8641434651281391,True,False,True,True,False,False,False,False,False,False,True,False,False,False,True,False,True,False,False,False,True,False,1,1,0.8177632090687106,100.95
0,0,0,-1.2816237461508113,1,0,0.3441145140593994,-0.9758809714539399,False,False,False,True,False,False,False,False,False,False,True,False,False,False,False,False,False,False,False,False,True,False,1,1,0.6076258527703393,75.3
0,0,0,-1.0373893371192475,1,0,-1.5158224083161567,-0.959645794803421,True,False,False,False,True,True,False,True,False,True,False,True,False,True,False,True,False,False,False,False,True,False,1,0,0.1987064988248485,19.25
0,0,0,-1.0780950719578415,0,1,-1.1425076825940335,-0.9173465778004477,True,True,False,False,False,False,False,False,True,False,False,False,False,False,False,False,False,False,False,True,False,False,1,1,0.45753249642502125,30.5
0,0,0,0.5501343215859179,1,1,0.8037064208373025,0.8539770130548802,True,False,True,True,False,False,True,False,False,False,False,False,False,False,True,False,False,False,False,True,False,False,0,0,0.3145584408351498,89.15
0,1,0,0.8757802002946699,1,1,0.1732193285066055,0.6214629561059625,False,False,True,False,False,False,False,False,False,False,False,False,False,False,True,False,True,True,False,True,False,False,1,0,0.10365177843105372,70.15
1,0,0,-0.7117434584104956,1,1,0.48016699187812906,-0.50163829783554,True,False,False,True,False,False,False,False,False,False,False,False,False,False,False,False,True,False,False,False,True,False,1,1,0.6879268298354019,79.4
0,0,0,-1.2002122764736234,1,1,0.6759498258123978,-0.8927305396897961,True,False,True,True,False,False,False,False,False,False,False,False,False,False,False,False,True,False,False,False,True,False,1,1,0.7892661617564829,85.3
0,1,1,1.5270719577121736,1,0,-1.4892755833759168,-0.4120596136949068,True,False,False,False,True,True,False,True,False,True,False,True,False,True,False,True,False,False,True,True,False,False,0,0,0.0018823373617255557,20.05
0,0,1,0.26519417771576004,1,0,1.1819986762357204,0.7003132600005094,True,False,True,True,False,False,False,False,False,False,False,False,True,False,True,False,True,False,True,False,False,True,0,0,0.11236958098082366,100.55
0,1,0,-1.2409180113122174,1,0,-1.4909347599346818,-0.9922477846718956,True,False,False,False,True,True,False,True,False,True,False,True,False,True,False,True,False,False,False,False,False,True,0,0,0.1890753078290255,20.0
0,0,0,-0.5896262538947137,1,1,0.3540695734119893,-0.3967897718722566,True,False,True,True,False,False,False,False,False,False,False,False,False,False,False,False,False,False,False,False,False,False,0,1,0.5495504670193013,75.6
1,0,0,1.6084834273893616,1,1,-1.3216987509406526,-0.22353410969773282,True,False,True,False,True,True,False,True,False,True,False,True,False,True,False,True,False,False,True,True,False,False,0,0,0.0051354448682484535,25.1
0,0,1,0.590840056424512,1,1,-0.3195561094465974,0.1556450228035074,True,False,False,False,False,False,True,False,True,False,False,False,False,False,False,False,False,False,False,False,True,False,0,0,0.07591553048662908,55.3
0,1,1,-0.4268033145403377,1,0,-1.4942531130522119,-0.8332746900642473,False,False,False,False,True,True,False,True,False,True,False,True,False,True,False,True,False,False,False,False,False,True,0,0,0.06655199246565974,19.9
0,1,1,1.5677776925507676,1,0,0.8285940692187774,1.8244017881977863,True,False,True,False,False,False,True,False,True,False,True,False,True,False,True,False,True,False,True,True,False,False,0,0,0.009773815566841992,89.9
0,0,0,-0.9966836022806536,1,1,0.3291819250305144,-0.7577372397835221,True,False,True,True,False,False,False,False,False,False,False,False,False,False,False,False,False,False,False,False,True,False,0,1,0.7159512890544498,74.85
0,1,1,1.5677776925507676,1,0,-1.4942531130522119,-0.3992908666535528,False,False,False,False,True,True,False,True,False,True,False,True,False,True,False,True,False,False,True,False,False,False,0,0,0.0018057419714568982,19.9
0,0,0,0.8350744654560759,1,1,0.9795791360663916,1.2037792515898436,False,False,False,True,False,False,False,False,True,False,True,False,True,False,False,False,True,True,False,True,False,False,0,0,0.10775115169223295,94.45
1,1,0,0.18378270803857208,1,1,0.242904743974735,0.12115624213510767,True,False,False,True,False,False,False,False,False,False,False,False,False,False,False,False,False,False,False,False,False,False,0,0,0.3453125968275808,72.25
0,1,0,1.2828375486806096,1,1,0.1732193285066055,0.9571581424972992,True,False,True,False,False,False,False,False,True,False,False,False,True,False,False,False,True,True,False,False,False,True,0,0,0.0415910296537702,70.15
0,0,1,-1.1188008067964355,1,1,-0.5402265917623413,-0.9057186810102112,True,False,False,False,False,False,False,False,False,False,False,False,True,False,False,False,False,False,False,False,False,False,0,0,0.25821392393625536,48.65
0,0,0,1.1200146093262338,1,0,1.319710330613215,1.7702772195534218,False,False,True,True,False,False,False,False,True,False,True,False,False,False,True,False,True,False,True,False,True,False,0,0,0.13164324194277405,104.7
0,0,0,-1.2409180113122174,1,1,-0.48547376532309666,-0.9682241111147089,True,False,False,False,False,False,False,False,True,False,False,False,False,False,False,False,False,False,False,False,False,True,0,1,0.3899465202139926,50.3
0,0,0,-0.30468611002455576,0,0,-0.3560579937394271,-0.38445981338902463,False,True,False,False,False,False,False,False,False,False,True,False,True,False,True,False,True,True,False,False,True,False,0,0,0.21142438349779785,54.2
0,1,1,-1.0780950719578415,1,0,-1.5008898192872717,-0.9591192485336746,False,False,False,False,True,True,False,True,False,True,False,True,False,True,False,True,False,False,False,False,False,True,0,0,0.13176255836681874,19.7
0,1,1,1.1200146093262338,1,1,1.5154931645474838,1.8813126641862272,True,False,True,True,False,False,True,False,False,False,True,False,True,False,True,False,True,False,True,False,True,False,0,0,0.09259616208139582,110.6
0,0,0,-0.10115743583158582,1,1,1.1703844403243657,0.30033554984428035,False,False,True,True,False,False,False,False,True,False,False,False,False,False,True,False,True,False,False,False,True,False,1,1,0.6450723464943285,100.2
0,0,0,1.4049547531963917,0,1,-0.5169981199396313,0.4484486276384058,True,True,False,False,False,False,True,False,False,False,True,False,True,False,True,False,False,True,False,False,False,False,0,0,0.02481069075678874,49.35
0,0,0,0.8350744654560759,1,0,-1.3565414586747175,-0.4376629260613331,True,False,True,False,True,True,False,True,False,True,False,True,False,True,False,True,False,True,False,False,False,False,0,0,0.01389636194135286,24.05
0,1,1,-0.9152721326034655,1,0,-0.3228744625641272,-0.7770878151967082,False,False,False,False,False,False,False,False,False,False,True,False,True,False,False,False,False,False,False,True,False,False,1,0,0.15381772367467883,55.2
0,0,0,-1.2816237461508113,1,1,-0.42242505609002673,-0.9860169871465614,False,False,False,False,False,False,False,False,False,False,False,False,True,False,False,False,False,False,False,False,True,False,1,1,0.4135710596689778,52.2
0,1,0,0.9164859351332638,0,1,-0.3444437578280723,0.2979222127746086,True,True,False,False,False,False,False,False,False,False,True,False,True,False,True,False,True,False,False,False,False,False,1,0,0.14321962622212905,54.55
0,0,0,1.5270719577121736,1,0,0.6560397071072182,1.6198824412570612,False,False,True,False,False,False,True,False,True,False,True,False,False,False,True,False,True,False,True,False,False,True,0,0,0.017832845945523656,84.7
0,1,0,0.06166550352279012,1,0,-0.4887921184406264,-0.21238888032143075,False,False,False,False,False,False,False,False,False,False,False,False,True,False,False,False,False,False,False,False,False,False,0,0,0.08759073091990005,50.2
0,0,0,1.4456604880349857,1,0,1.503878928636129,2.1851737406858036,False,False,True,True,False,False,True,False,True,False,False,False,True,False,True,False,True,False,True,True,False,False,0,0,0.03703761685374317,110.25
0,1,0,1.0793088744876398,1,1,1.4673770443432994,1.868543917144873,False,False,True,True,False,False,True,False,True,False,True,False,False,False,True,False,True,True,False,True,False,False,0,0,0.16954578444736698,109.15
0,0,0,-0.9559778674420595,1,1,0.3291819250305144,-0.6981716930184428,False,False,False,True,False,False,True,False,False,False,False,False,False,False,False,False,False,False,False,False,True,False,0,1,0.5432578281038938,74.85
0,0,0,-1.0780950719578415,1,1,0.5166688761709587,-0.8057407080420834,True,False,False,True,False,False,False,False,False,False,False,False,False,False,True,False,False,False,False,True,False,False,1,1,0.6256158711254068,80.5
0,1,0,0.7129572609402939,1,1,1.2948226822317401,1.2865128342237715,True,False,True,True,False,False,True,False,False,False,True,False,False,False,True,False,True,True,False,False,True,False,0,0,0.30449321753304276,103.95
1,1,1,1.6084834273893616,1,0,0.9132120737157919,1.8169862615655226,False,False,True,False,False,False,True,False,True,False,True,False,True,False,True,False,True,False,True,True,False,False,1,0,0.010097163462192174,92.45
1,1,0,0.346605647392948,0,1,-0.364353876533252,-0.03682957821676575,True,True,False,False,False,False,False,False,True,False,True,False,False,False,True,False,True,False,False,False,True,False,0,1,0.3788109162408127,53.95
0,0,0,-1.1595065416350294,1,1,-0.4688819997354467,-0.9201548245724293,True,False,False,False,False,False,False,False,False,False,False,False,True,False,False,False,False,False,False,False,False,True,0,0,0.3237174269063068,50.8
0,1,1,0.590840056424512,0,0,-0.817309077076095,-0.22138404576293444,True,True,False,False,False,False,True,False,False,False,True,False,True,False,False,False,False,True,False,False,True,False,0,0,0.03162206881521803,40.3
0,1,1,1.2014260790034217,1,1,0.9961709016540415,1.5324757604791326,True,False,True,True,False,False,True,False,True,False,False,False,False,False,True,False,False,True,False,True,False,False,0,0,0.09012300934155125,94.95
0,1,1,-0.5896262538947137,1,0,-1.4760021709057967,-0.8522742346309355,False,False,False,False,True,True,False,True,False,True,False,True,False,True,False,True,False,False,False,False,False,True,0,0,0.07909162620978397,20.45
0,1,0,-1.2002122764736234,1,1,0.36236545620581423,-0.8963286058663975,False,False,True,True,False,False,False,False,False,False,False,False,False,False,False,False,False,False,False,False,True,False,1,1,0.7490326647252205,75.85
0,0,0,1.3235432835192036,1,1,-1.3216987509406526,-0.2520114871198592,True,False,True,False,True,True,False,True,False,True,False,True,False,True,False,True,False,False,True,False,False,False,0,0,0.00636721490864224,25.1
0,1,0,1.0793088744876398,1,0,0.6842457086062228,1.2221644921751607,True,False,True,True,False,False,False,False,False,False,False,False,False,False,False,False,True,True,False,False,True,False,1,0,0.18714343956485105,85.55
0,0,0,1.1200146093262338,1,1,0.1732193285066055,0.8448282716180335,False,False,False,False,False,False,False,False,True,False,True,False,True,False,True,False,False,True,False,True,False,False,0,0,0.03034141828906796,70.15
0,0,0,-0.9152721326034655,1,1,-1.472683817788267,-0.9267147135163551,False,False,False,False,True,True,False,True,False,True,False,True,False,True,False,True,False,False,False,False,False,True,0,0,0.18126083693548226,20.55
0,1,1,-1.0373893371192475,0,0,-0.8753802566328698,-0.8860609536063396,True,True,False,False,False,False,True,False,True,False,True,False,False,False,False,False,False,False,True,False,False,True,0,0,0.08054648442830291,38.55
0,0,0,-0.1825689055087738,1,0,0.8650959535116071,0.14340282203189988,True,False,False,True,False,False,False,False,False,False,True,False,True,False,False,False,True,False,False,False,True,False,0,1,0.377020966548294,91.0
1,1,0,-0.1418631706701798,1,1,0.4768486387605988,0.05055516313325683,True,False,True,True,False,False,False,False,False,False,False,False,True,False,False,False,False,False,False,False,True,False,0,1,0.519599961087199,79.3
0,1,1,-1.3223294809894055,1,1,-1.5008898192872717,-1.0089217498805365,True,False,False,False,True,True,False,True,False,True,False,True,False,True,False,True,False,True,False,False,False,True,0,0,0.1308031503358991,19.7
0,0,0,0.18378270803857208,1,0,-0.009290092957543614,0.02128796630651052,False,False,True,False,False,False,True,False,False,False,False,False,False,False,True,False,False,True,False,False,False,False,0,0,0.06806544447776934,64.65
0,1,1,0.5094285867473239,1,1,-1.3366313399695375,-0.5092293398910529,False,False,True,False,True,True,False,True,False,True,False,True,False,True,False,True,False,False,True,False,False,False,0,0,0.01236818203309318,24.65
0,1,0,1.1607203441648277,1,1,0.4934404043482487,1.1476362555781168,True,False,True,False,False,False,False,False,True,False,True,False,False,False,True,False,True,True,False,False,True,False,0,0,0.11767579640753484,79.8
0,1,0,1.2828375486806096,1,0,-1.5091857020810966,-0.4786018985341281,False,False,False,False,True,True,False,True,False,True,False,True,False,True,False,True,False,False,True,True,False,False,0,0,0.003060128357354708,19.45
0,1,1,1.2421318138420157,1,1,0.8767101894229619,1.5205626511261165,True,False,True,True,False,False,False,False,True,False,False,False,False,False,False,False,True,True,False,False,True,False,0,0,0.17470889410822016,91.35
1,1,0,0.18378270803857208,1,1,0.38393475146975936,0.24958965309745576,False,False,True,True,False,False,False,False,False,False,False,False,False,False,False,False,False,False,False,False,True,False,1,1,0.5240387504113869,76.5
1,1,0,1.6084834273893616,1,0,-1.3482455758808924,-0.22844854154870073,False,False,True,False,True,True,False,True,False,True,False,True,False,True,False,True,False,False,True,False,False,False,0,0,0.003654471305615969,24.3
0,1,1,1.3642490183577978,1,0,0.8285940692187774,1.6057534496855286,False,False,True,False,False,False,True,False,True,False,True,False,True,False,True,False,True,False,True,True,False,False,0,0,0.011006115136339817,89.9
0,0,0,-1.2816237461508113,1,0,1.0193993734767515,-0.9669516242961546,False,False,True,True,False,False,False,False,False,False,False,False,False,False,True,False,True,False,False,False,False,True,1,1,0.7094444290512141,95.65
0,1,0,-0.9559778674420595,1,1,0.4917812277894838,-0.671449469828805,False,False,False,True,False,False,False,False,False,False,False,False,False,False,False,False,True,False,False,False,True,False,0,1,0.7018837788784199,79.75
0,0,0,-1.2816237461508113,0,0,-1.3134028681468275,-0.9977984599321406,True,True,False,False,False,False,False,False,False,False,False,False,False,False,False,False,False,False,False,False,False,True,0,1,0.48656064968478857,25.35
1,0,0,-1.1595065416350294,1,1,1.1571110278542456,-0.8146042369161505,False,False,False,True,False,False,False,False,True,False,True,False,False,False,True,False,True,False,False,True,False,False,1,1,0.6794659513900804,99.8
1,1,0,0.22448844287716607,1,1,0.33250027814804467,0.2503355936462633,False,False,True,True,False,False,False,False,False,False,False,False,False,False,False,False,False,False,False,False,False,False,1,1,0.41986436107869446,74.95
0,1,1,0.46872285190873,1,1,-0.10054480368961842,0.27411793349648295,True,False,False,False,False,False,False,False,True,False,True,False,True,False,False,False,False,False,False,False,False,True,0,0,0.0697204868835137,61.9
0,1,0,-0.4268033145403377,1,1,-0.3394662281517771,-0.4916997369940737,False,False,False,False,False,False,False,False,True,False,True,False,False,False,False,False,False,False,False,False,False,True,0,0,0.22222604063338694,54.7
0,0,0,0.8350744654560759,1,1,1.3943732757576397,1.5296894531350569,False,False,True,True,False,False,True,False,False,False,True,False,False,False,True,False,True,True,False,True,False,False,1,0,0.20520728441538577,106.95
1,1,0,-0.38609757970174374,1,1,0.8468450113651922,-0.07989667519645302,True,False,False,True,False,False,False,False,False,False,False,False,False,False,True,False,True,False,False,False,True,False,0,1,0.6962819551566695,90.45
0,0,0,-0.5082147842175256,1,1,-1.5274366442275116,-0.8563769076493774,False,False,False,False,True,True,False,True,False,True,False,True,False,True,False,True,False,False,False,True,False,False,0,0,0.1130736839515611,18.9
0,0,0,0.7536629957788878,1,0,-1.3333129868520075,-0.4671933960229527,True,False,True,False,True,True,False,True,False,True,False,True,False,True,False,True,False,False,True,False,False,True,0,0,0.008712100373161134,24.75
0,1,1,1.2014260790034217,1,0,-1.469365464670737,-0.47427983123662504,True,False,False,False,True,True,False,True,False,True,False,True,False,True,False,True,False,False,True,True,False,False,0,0,0.002715382145871988,20.65
0,0,0,-1.0373893371192475,1,1,-1.5257774676687466,-0.9516379036176922,True,False,False,False,True,True,False,True,False,True,False,True,False,True,False,True,False,False,False,False,False,True,0,0,0.2104491798820597,18.95
0,0,0,-0.6303319887333076,1,1,0.6178786462556232,-0.42570593785250505,False,False,False,True,False,False,False,False,True,False,False,False,False,False,True,False,False,False,False,False,True,False,0,1,0.5992672734504434,83.55
0,0,1,0.346605647392948,1,0,0.17487850506537042,0.2611736710318801,True,False,False,False,False,False,True,False,True,False,True,False,False,False,True,False,False,True,False,False,False,True,0,0,0.03461782833218733,70.2
0,0,0,-1.0373893371192475,1,1,0.9663057235962715,-0.7309711377380721,False,False,False,True,False,False,False,False,True,False,False,False,False,False,True,False,True,True,False,False,False,True,0,1,0.49222852833110803,94.05
0,0,1,-1.2816237461508113,1,1,-0.4937696481169216,-0.9869603825465237,True,False,True,False,False,False,False,False,False,False,False,False,False,False,False,False,False,False,False,False,True,False,0,1,0.5345808452981248,50.05
0,1,0,1.2828375486806096,1,0,-0.21834633936193276,0.6393655292773454,False,False,True,False,False,False,False,False,False,False,True,False,True,False,False,False,False,True,False,False,False,False,0,0,0.02095246808273185,58.35
0,0,0,-1.2002122764736234,1,1,0.3507512202944595,-0.9121249939587943,False,False,True,True,False,False,False,False,False,False,False,False,False,False,False,False,False,False,False,False,True,False,1,1,0.7442751072013781,75.5
1,1,0,0.7129572609402939,1,1,0.2030845065643751,0.5026390145664891,False,False,False,True,False,False,False,False,False,False,False,False,False,False,False,False,False,False,False,False,True,False,1,0,0.3289939272347224,71.05
0,1,0,-0.5896262538947137,1,0,-0.2697808126836477,-0.5373776258945876,True,False,True,False,False,False,False,False,True,False,False,False,False,False,False,False,False,False,False,True,False,False,0,0,0.2257088065566197,56.8
0,1,1,-0.7931549280876836,1,0,-0.2979868141826523,-0.6866973722235491,False,False,False,False,False,False,False,False,False,False,False,False,False,False,False,False,True,False,False,False,True,False,1,0,0.31663010721804014,55.95
0,1,1,1.4863662228735797,1,0,0.5216464058472539,1.423085772939285,True,False,False,False,False,False,True,False,True,False,False,False,True,False,True,False,True,False,True,False,False,False,0,0,0.006976021080081831,80.65
0,0,0,-1.2816237461508113,1,1,0.47187110908430413,-0.9741916355051697,False,False,True,True,False,False,False,False,True,False,False,False,False,False,False,False,False,False,False,False,False,True,0,1,0.6627818384626247,79.15
0,0,0,-1.1595065416350294,1,0,0.8534817176002523,-0.8474694999194982,True,False,True,True,False,False,True,False,False,False,False,False,False,False,True,False,False,False,False,False,True,False,0,1,0.6197953196714474,90.65
0,0,0,-1.2816237461508113,1,1,-0.3792864655621371,-0.9854465620210024,True,False,False,False,False,False,False,False,False,False,False,False,False,False,True,False,False,False,False,False,False,True,1,1,0.5036519065222732,53.5
0,1,1,-0.30468611002455576,1,0,-0.37430893588584213,-0.414165798773893,True,False,False,False,False,False,False,False,True,False,True,False,False,False,False,False,False,True,False,False,False,True,0,0,0.06830149845134754,53.65
0,1,1,-0.5896262538947137,1,0,-0.2979868141826523,-0.5338014991458923,False,False,False,False,False,False,False,False,False,False,False,False,False,False,True,False,False,False,False,False,False,True,0,0,0.22205298609335075,55.95
0,1,1,0.631545791263106,1,0,-1.3731332242623675,-0.49406919520793324,True,False,True,False,True,True,False,True,False,True,False,True,False,True,False,True,False,False,True,False,False,True,0,0,0.008321583846249935,23.55
0,0,0,-0.2639803751859618,1,1,-1.469365464670737,-0.7476231635188071,True,False,False,False,True,True,False,True,False,True,False,True,False,True,False,True,False,True,False,True,False,False,0,0,0.04743353241173354,20.65
0,0,0,-1.2816237461508113,1,1,0.13837662077254032,-0.9786014605142973,True,False,False,True,False,False,False,False,False,False,False,False,False,False,False,False,False,False,False,False,True,False,1,1,0.7096063886897241,69.1
0,0,1,-1.1595065416350294,0,1,-0.2565074002135275,-0.9107428100007096,False,True,False,False,False,False,True,False,True,False,True,False,False,False,True,False,True,False,False,False,False,True,0,1,0.45268577570187923,57.2
0,0,0,-1.2816237461508113,1,0,-1.480979700582092,-1.000014342150657,True,False,False,False,True,True,False,True,False,True,False,True,False,True,False,True,False,False,False,False,False,True,0,0,0.19219147858106628,20.3
0,1,1,-0.8745663977648716,1,1,0.3125901594428645,-0.6428843346950542,True,False,True,True,False,False,False,False,False,False,False,False,False,False,False,False,False,False,False,False,True,False,1,1,0.6536544235009124,74.35
0,1,1,-1.1595065416350294,1,0,-0.1154773927185032,-0.9081978363636011,True,False,False,False,False,False,False,False,False,False,False,False,True,False,False,False,True,False,False,True,False,False,1,0,0.2308858741957052,61.45
1,0,0,-0.9966836022806536,1,0,-1.5025489958460367,-0.9368287897810702,False,False,False,False,True,True,False,True,False,True,False,True,False,True,False,True,False,False,False,False,True,False,1,0,0.21210459600174048,19.65
0,1,0,-1.0780950719578415,1,1,0.8568000707177821,-0.7841523109824745,False,False,True,True,False,False,False,False,True,False,False,False,False,False,False,False,True,False,False,False,True,False,0,1,0.7401821281424817,90.75
0,0,0,1.6084834273893616,1,0,0.8982794846869069,1.9014530590040328,True,False,True,False,False,False,True,False,True,False,True,False,True,False,True,False,True,False,True,False,False,False,0,0,0.011703324795850466,92.0
0,0,0,-0.22327464034736777,1,0,-0.4008557608260819,-0.3513312772508037,False,False,False,False,False,False,True,False,True,False,False,False,False,False,False,False,False,False,True,False,False,False,0,0,0.027113102461046396,52.85
1,0,1,-1.2816237461508113,1,1,0.2014253300056102,-0.9777677622538652,False,False,False,True,False,False,False,False,False,False,False,False,False,False,False,False,False,False,False,False,True,False,1,1,0.6825552396503318,71.0
0,0,0,-0.6303319887333076,1,0,-1.4859572302583868,-0.8537441763006446,False,False,False,False,True,True,False,True,False,True,False,True,False,True,False,True,False,True,False,False,False,True,0,0,0.05318103879810272,20.15
0,0,0,1.3642490183577978,1,0,0.12676238486118555,0.9426123017955508,True,False,True,False,False,False,True,False,True,False,True,False,True,False,False,False,False,False,True,False,False,False,0,0,0.006540156423463747,68.75
0,0,0,0.8350744654560759,1,0,-1.5075265255223318,-0.5479743695732371,True,False,False,False,True,True,False,True,False,True,False,True,False,True,False,True,False,False,True,True,False,False,0,0,0.005155719647529864,19.5
0,1,0,0.46872285190873,1,1,0.659358060224748,0.582279137865656,True,False,True,True,False,False,True,False,False,False,True,False,False,False,False,False,False,False,False,True,False,False,0,0,0.2550047043248561,84.8
0,1,1,0.7943687306174818,1,1,-1.462728758435677,-0.5387159309968602,True,False,False,False,True,True,False,True,False,True,False,True,False,True,False,True,False,True,False,True,False,False,0,0,0.011805448337738196,20.85
1,1,0,1.5270719577121736,1,0,0.8335715988950722,1.7701017041301728,True,False,True,False,False,False,True,False,True,False,True,False,True,False,True,False,True,False,True,True,False,False,0,0,0.014432619741282592,90.05
0,0,0,-1.2816237461508113,1,1,-1.3001294556767078,-0.9976229445088917,False,False,True,False,True,True,False,True,False,True,False,True,False,True,False,True,False,False,False,False,False,True,0,0,0.30926640431964764,25.75
0,1,0,1.1607203441648277,1,1,0.9679649001550363,1.4650997773794792,True,False,True,True,False,False,False,False,True,False,False,False,True,False,True,False,False,False,True,False,True,False,1,0,0.09767918789022896,94.1
0,1,1,-0.5489205190561197,1,1,1.1952720887058406,-0.1859518696945723,True,False,True,True,False,False,False,False,False,False,False,False,True,False,True,False,True,True,False,False,True,False,1,1,0.4551347681183396,100.95
0,1,1,-0.8745663977648716,1,0,-1.4710246412295018,-0.9062891061357699,False,False,False,False,True,True,False,True,False,True,False,True,False,True,False,True,False,True,False,False,False,True,0,0,0.05672019326827925,20.6
0,0,0,-0.2639803751859618,1,1,0.6908824148412829,-0.06706210987138067,True,False,False,True,False,False,False,False,True,False,False,False,False,False,True,False,False,False,False,False,True,False,0,1,0.5293569409399211,85.75
0,0,0,1.1200146093262338,1,0,-1.4959122896109767,-0.5139243774629597,False,False,False,False,True,True,False,True,False,True,False,True,False,True,False,True,False,False,True,False,False,False,0,0,0.0036562942350397507,19.85
0,0,0,-1.2816237461508113,1,1,0.6610172367835129,-0.9716905407238737,True,False,False,True,False,False,False,False,False,False,True,False,False,False,True,False,False,False,False,False,True,False,1,1,0.7429280683121335,84.85
0,0,0,-0.2639803751859618,1,1,0.911552897157027,0.0221436039948488,True,False,True,True,False,False,True,False,True,False,False,False,False,False,True,False,False,False,False,True,False,False,0,1,0.4159208360157723,92.4
1,0,0,-0.3453918448631497,1,1,0.5166688761709587,-0.0925337856703705,True,False,True,True,False,False,False,False,True,False,False,False,False,False,False,False,False,False,False,False,True,False,0,1,0.6040724110306791,80.5
0,1,1,-0.4268033145403377,1,1,1.1654069106480704,-0.09174396626575058,True,False,False,True,False,False,False,False,True,False,True,False,False,False,True,False,True,True,False,False,False,True,0,0,0.33075516635043123,100.05
0,1,0,0.7536629957788878,1,1,1.1255866732377107,1.1620065808566167,False,False,True,True,False,False,False,False,False,False,True,False,False,False,True,False,True,True,False,False,True,False,0,1,0.369291174589204,98.85
1,1,0,1.1607203441648277,1,1,0.6842457086062228,1.295486060237369,True,False,True,True,False,False,False,False,True,False,False,False,True,False,False,False,False,True,False,False,False,False,0,0,0.10245952383924771,85.55
0,1,0,0.46872285190873,0,0,-0.3527396406218973,0.03998035888251329,True,True,False,False,False,False,False,False,True,False,True,False,False,False,True,False,True,False,True,False,False,False,0,0,0.05511178488760644,54.3
0,1,1,-1.3223294809894055,1,0,0.5282831120823135,-1.0089217498805365,False,False,False,False,False,False,True,False,True,False,True,False,False,False,True,False,True,False,True,False,False,True,0,0,0.08945828374133283,80.85
0,0,0,-1.1188008067964355,1,1,0.35572874997075465,-0.833647660338651,False,False,False,True,False,False,False,False,False,False,False,False,True,False,False,False,False,False,False,False,False,True,0,1,0.5083113692704785,75.65
0,1,0,-1.2816237461508113,1,0,0.4602568731729489,-0.9743452115005125,False,False,False,True,False,False,False,False,False,False,False,False,False,False,True,False,False,False,False,False,True,False,1,1,0.6787275257848991,78.8
0,0,0,-0.2639803751859618,1,0,-0.11215903960097341,-0.31478019035923016,True,False,True,False,False,False,True,False,True,False,False,False,False,False,False,False,False,True,False,False,True,False,0,0,0.09624843547808096,61.55
0,0,0,-0.7117434584104956,1,1,0.6444254711958629,-0.43733383464274156,False,False,True,True,False,False,True,False,False,False,True,False,False,False,False,False,False,False,False,True,False,False,0,1,0.4595980981516877,84.35
0,1,0,-1.1595065416350294,1,1,0.5116913464946635,-0.8740381471137932,True,False,False,True,False,False,False,False,False,False,False,False,False,False,True,False,False,False,False,False,True,False,1,1,0.734592913596743,80.35
0,1,0,-0.8338606629262776,1,1,0.6527213539896879,-0.5877286129391022,True,False,False,True,False,False,True,False,True,False,True,False,False,False,False,False,False,False,False,False,True,False,0,1,0.47710372644570326,84.6
0,0,1,-1.2816237461508113,1,1,-0.49874717779321653,-0.9870262008302422,True,False,False,False,False,False,False,False,False,False,False,False,True,False,False,False,False,False,False,False,False,True,1,0,0.3034380447615613,49.9
0,1,1,-0.4268033145403377,1,1,-0.23161975183205266,-0.45087046166080935,True,False,False,False,False,False,True,False,True,False,False,False,True,False,False,False,False,False,False,False,False,True,0,0,0.10257566130039848,57.95
0,1,0,0.6722515261016999,0,0,-0.5070430605870415,0.04851479633798888,True,True,False,False,False,False,False,False,True,False,False,False,False,False,True,False,True,False,True,True,False,False,0,0,0.04414390790856021,49.65
0,0,0,-0.7931549280876836,1,0,-1.4992306427285067,-0.89231369055958,True,False,False,False,True,True,False,True,False,True,False,True,False,True,False,True,False,False,True,False,False,True,0,0,0.03562783242279623,19.75
0,1,0,1.3642490183577978,1,1,0.850163364482722,1.6812689605383473,False,False,True,True,False,False,False,False,True,False,True,False,True,False,False,False,False,True,False,False,False,False,0,0,0.08053275799599956,90.55
0,1,0,1.2014260790034217,0,1,-0.8604476676039847,0.01672456530204031,True,True,False,False,False,False,False,False,False,False,False,False,True,False,True,False,False,False,True,False,False,False,0,0,0.022427105827094156,39.0
0,1,1,1.3642490183577978,1,1,-0.05408786004419868,0.8294706720837589,True,False,True,False,False,False,False,False,False,False,True,False,False,False,True,False,False,False,True,False,False,False,0,0,0.023880423732497456,63.3
0,0,0,-1.2002122764736234,0,0,-0.986545086070124,-0.9611157364731303,False,True,False,False,False,False,False,False,False,False,False,False,False,False,True,False,False,False,False,True,False,False,1,1,0.49057225737371674,35.2
0,0,0,1.2421318138420157,1,0,0.12842156141995045,0.7950915885548901,True,False,True,False,False,False,True,False,True,False,True,False,True,False,False,False,False,True,False,False,False,False,0,0,0.013146060979927083,68.8
0,1,1,-0.7117434584104956,1,0,-1.5125040551986266,-0.8865655604481801,True,False,False,False,True,True,False,True,False,True,False,True,False,True,False,True,False,False,True,False,False,True,0,0,0.02671029300342096,19.35
0,1,0,0.428017117070136,1,1,0.9679649001550363,0.7933144948944953,False,False,True,True,False,False,True,False,True,False,False,False,False,False,False,False,True,False,False,False,True,False,0,1,0.3977317547151163,94.1
1,0,0,1.3235432835192036,1,1,1.4640586912257691,2.1100750789632006,True,False,True,True,False,False,True,False,False,False,True,False,True,False,True,False,True,False,True,False,True,False,0,0,0.11492441642215176,109.05
0,0,0,-1.2409180113122174,1,1,0.689223238282518,-0.9344154527113985,False,False,True,True,False,False,False,False,False,False,False,False,False,False,False,False,True,False,False,False,True,False,1,1,0.789682298413016,85.7
0,0,0,-0.7524491932490895,1,0,-0.49211047155815646,-0.697601267892884,False,False,False,False,False,False,True,False,False,False,False,False,False,False,False,False,False,False,False,False,False,False,0,0,0.16156652794613532,50.1
0,1,1,1.4456604880349857,1,1,1.4640586912257691,2.2857440782073963,False,False,True,True,False,False,True,False,False,False,True,False,True,False,True,False,True,False,True,False,False,False,0,0,0.05378225672838433,109.05
0,0,0,-0.5082147842175256,1,1,-1.5042081724048018,-0.8526472049053393,True,False,False,False,True,True,False,True,False,True,False,True,False,True,False,True,False,False,False,True,False,False,0,0,0.1142431391990057,19.6
0,1,1,0.9978974048104517,1,0,0.008960849188871207,0.6092646341901671,False,False,True,False,False,False,True,False,True,False,False,False,True,False,False,False,False,False,False,False,False,False,0,0,0.02589170397544555,65.2
0,0,0,1.6084834273893616,1,1,-1.497571466169742,-0.3644510551386555,True,False,False,False,True,True,False,True,False,True,False,True,False,True,False,True,False,False,True,True,False,False,0,0,0.0031152548727464706,19.8
0,0,0,-1.0780950719578415,1,1,0.6460846477546283,-0.7648017355692885,True,False,False,True,False,False,False,False,True,False,False,False,False,False,False,False,True,False,False,False,True,False,1,1,0.6882661255905748,84.4
0,0,0,0.8350744654560759,1,1,0.29765757041397994,0.7279130603063916,True,False,True,False,False,False,False,False,True,False,True,False,True,False,False,False,True,False,True,False,False,False,0,0,0.030635782298964728,73.9
0,1,1,0.9978974048104517,1,1,0.17156015194784016,0.7081895146188019,False,False,False,False,False,False,True,False,False,False,False,False,False,False,True,False,True,True,False,False,False,False,1,0,0.03990691594362609,70.1
0,0,0,-1.2816237461508113,1,1,-1.4876164068171518,-1.0001020998622818,True,False,False,False,True,True,False,True,False,True,False,True,False,True,False,True,False,False,False,False,False,True,1,0,0.25758366093351936,20.1
0,0,0,-0.7117434584104956,1,1,-0.5286123558509863,-0.6801594227075293,True,False,True,False,False,False,False,False,False,False,False,False,False,False,False,False,False,False,False,False,True,False,0,1,0.45678347081159243,49.0
1,0,0,0.30589991255435406,1,1,0.473530285643069,0.41005462880271926,False,False,False,True,False,False,True,False,True,False,False,False,False,False,False,False,False,False,False,True,False,False,1,0,0.2216753841634636,79.2
0,0,0,1.5677776925507676,0,0,-0.364353876533252,0.6973733766610912,True,True,False,False,False,False,True,False,True,False,True,False,True,False,True,False,False,False,True,False,False,False,0,0,0.007283650673771336,53.95
1,1,0,-0.7931549280876836,0,0,-0.6513914211995958,-0.777043936340896,False,True,False,False,False,False,False,False,False,False,False,False,False,False,True,False,True,False,False,False,True,False,0,1,0.5862388015512012,45.3
0,1,0,1.6084834273893616,1,1,0.8700734831879022,1.9037128200783617,False,False,True,False,False,False,True,False,True,False,True,False,True,False,True,False,True,False,True,False,False,False,0,0,0.01719511056680392,91.15
0,1,1,0.7943687306174818,1,1,1.0210585500355165,1.1745559336189093,False,False,True,True,False,False,False,False,True,False,True,False,False,False,True,False,False,True,False,True,False,False,0,0,0.1625812483006095,95.7
0,1,0,1.2421318138420157,1,1,0.5382381714349038,1.283529072028541,False,False,False,True,False,False,True,False,False,False,True,False,False,False,False,False,False,True,False,True,False,False,0,0,0.06393914686773747,81.15
0,0,0,-0.1418631706701798,1,0,-1.5207999379924515,-0.7765832083548677,True,False,False,False,True,True,False,True,False,True,False,True,False,True,False,True,False,True,False,False,False,True,0,0,0.03179849457768799,19.1
0,0,0,-0.1418631706701798,1,0,1.1819986762357204,0.25424081181355035,False,False,True,True,False,False,False,False,False,False,True,False,False,False,True,False,True,False,False,False,False,False,0,1,0.4949394281567495,100.55
0,0,0,-1.2002122764736234,1,1,-1.466047111553207,-0.9794790376305416,True,False,False,False,True,True,False,True,False,True,False,True,False,True,False,True,False,False,False,True,False,False,0,0,0.22047122722288623,20.75
0,1,1,-0.5489205190561197,1,0,-1.4710246412295018,-0.8268464376877579,True,False,False,False,True,True,False,True,False,True,False,True,False,True,False,True,False,False,False,False,False,True,0,0,0.0776759106926132,20.6
0,1,1,1.1607203441648277,1,1,1.1604293809717758,1.7297112173550309,True,False,True,True,False,False,False,False,False,False,True,False,False,False,True,False,True,True,False,False,True,False,0,0,0.2749724597142099,99.9
0,0,0,-0.9152721326034655,1,0,-0.3543988171806622,-0.7531080204953338,False,False,False,False,False,False,False,False,False,False,True,False,True,False,False,False,False,False,False,False,True,False,0,0,0.25736729210620146,54.25
0,1,0,1.4049547531963917,1,1,1.4856279864897142,2.2137388758195544,False,False,True,True,False,False,False,False,True,False,True,False,True,False,True,False,True,True,False,True,False,False,0,0,0.144962346985556,109.7
0,0,0,0.387311382231542,1,1,-1.5058673489635668,-0.640602634192819,True,False,False,False,True,True,False,True,False,True,False,True,False,True,False,True,False,True,False,False,False,True,0,0,0.02552488776731411,19.55
0,0,0,-1.2816237461508113,1,1,0.35738792652951956,-0.9757054560306913,False,False,False,True,False,False,False,False,True,False,False,False,False,False,False,False,False,False,False,False,True,False,1,1,0.6631999946012401,75.7
0,0,0,-1.1188008067964355,1,1,0.6328112352845081,-0.822546309818161,False,False,True,True,False,False,False,False,False,False,False,False,False,False,True,False,False,False,False,False,True,False,0,1,0.7784211520568229,84.0
0,0,0,-0.5082147842175256,1,0,-1.5075265255223318,-0.832024142673599,False,False,False,False,True,True,False,True,False,True,False,True,False,True,False,True,False,True,False,False,False,True,0,0,0.04691359985573713,19.5
1,0,0,-1.2816237461508113,1,1,0.15165003324266044,-0.9784259450910484,True,False,False,True,False,False,False,False,False,False,False,False,False,False,False,False,False,False,False,False,False,False,1,1,0.6553206533785575,69.5
0,0,0,-1.0780950719578415,1,1,0.46523440284924406,-0.7917433530379874,True,False,False,True,False,False,True,False,True,False,False,False,False,False,False,False,False,False,False,False,True,False,0,1,0.5349024224803891,78.95
0,0,0,0.06166550352279012,1,1,1.3744631570524595,0.5484485400344397,True,False,True,True,False,False,False,False,True,False,True,False,False,False,True,False,True,False,False,False,True,False,1,1,0.618240038346121,106.35
0,0,0,-0.4675090493789317,1,0,-1.5042081724048018,-0.8376186967896563,True,False,False,False,True,True,False,True,False,True,False,True,False,True,False,True,False,False,True,False,False,True,0,0,0.0246855654286817,19.6
0,0,0,0.5501343215859179,1,0,1.4507852787556494,1.1425463083039,True,False,True,True,False,False,False,False,True,False,True,False,True,False,True,False,True,False,True,False,True,False,0,0,0.1368955201782459,108.65
0,1,1,0.06166550352279012,1,1,1.0874256123861161,0.4873472333159328,True,False,True,True,False,False,False,False,True,False,False,False,False,False,True,False,True,False,False,False,False,False,0,1,0.48842624566070103,97.7
0,0,1,-0.1418631706701798,0,1,-0.6613464805521857,-0.46374890584169387,True,True,False,False,False,False,True,False,True,False,True,False,True,False,False,False,False,False,False,False,False,True,0,0,0.1119307351508159,45.0
0,1,1,-0.22327464034736777,1,1,0.5216464058472539,-0.03930873357015584,True,False,False,True,False,False,True,False,True,False,False,False,False,False,False,False,False,True,False,True,False,False,0,0,0.1340341658513532,80.65
0,1,1,1.6084834273893616,1,0,0.8252757161012472,1.8477892183456965,False,False,True,False,False,False,True,False,True,False,True,False,True,False,True,False,True,False,True,True,False,False,0,0,0.009230358943946021,89.8
0,0,0,0.387311382231542,1,0,-0.3444437578280723,0.06832609973720317,False,False,False,False,False,False,True,False,False,False,True,False,False,False,False,False,False,False,False,True,False,False,0,0,0.06111352147255111,54.55
1,0,0,-0.22327464034736777,1,1,0.435369224791474,-0.07188878401072413,False,False,True,True,False,False,False,False,False,False,True,False,False,False,False,False,False,False,False,False,True,False,1,1,0.604718677687807,78.05
0,1,0,1.3642490183577978,1,1,0.03882602724664078,0.9342314403354178,True,False,True,False,False,False,True,False,True,False,True,False,False,False,False,False,False,False,True,True,False,False,0,0,0.013230707977055124,66.1
0,0,0,-1.2409180113122174,1,1,0.3524103968532244,-0.935951212664826,False,False,True,True,False,False,False,False,False,False,False,False,False,False,False,False,False,False,False,False,True,False,1,1,0.7514073189836291,75.55
0,0,0,-0.019745966154397852,1,1,1.0376503156231662,0.3879177460454578,True,False,False,True,False,False,False,False,False,False,False,False,True,False,True,False,True,False,False,False,True,False,1,1,0.5143937709940931,96.2
1,0,0,-0.7524491932490895,1,1,0.33250027814804467,-0.5540077122474164,True,False,True,True,False,False,False,False,False,False,False,False,False,False,False,False,False,False,False,False,True,False,1,1,0.7050198400304937,74.95
0,0,0,-0.5489205190561197,1,0,0.8302532457775423,-0.270703879695862,True,False,False,True,False,False,False,False,False,False,True,False,True,False,True,False,False,False,False,False,False,True,0,1,0.36511492457424033,89.95
0,0,1,0.631545791263106,1,1,-0.017585975751368575,0.3229551000154761,True,False,True,False,False,False,True,False,True,False,True,False,False,False,False,False,False,True,False,False,False,False,0,0,0.03609622633196883,64.4
0,0,0,-1.1595065416350294,1,1,0.29765757041397994,-0.8856879833319359,True,False,False,True,False,False,False,False,False,False,True,False,False,False,False,False,False,False,False,False,True,False,1,1,0.6786977886622384,73.9
1,1,0,0.9978974048104517,1,1,0.8269348926600121,1.1522654748663055,True,False,True,True,False,False,False,False,True,False,False,False,False,False,False,False,True,False,False,False,True,False,0,1,0.41130513685230435,89.85
0,1,1,1.0386031396490458,1,1,0.34079616094186965,0.8782200808911279,True,False,False,False,False,False,False,False,True,False,False,False,True,False,True,False,True,True,False,True,False,False,0,0,0.03674778815918714,75.2
1,1,0,0.9571916699718578,1,1,0.1168073255085957,0.7523755224217005,False,False,True,False,False,False,True,False,True,False,True,False,True,False,False,False,False,True,False,True,False,False,0,0,0.030049402174423756,68.45
0,1,1,1.4863662228735797,1,0,-1.4992306427285067,-0.40541196703935645,False,False,False,False,True,True,False,True,False,True,False,True,False,True,False,True,False,False,True,False,False,False,0,0,0.001998136920712115,19.75
0,1,1,-0.9152721326034655,0,0,-0.372649759327077,-0.7803129110989059,True,True,False,False,False,False,True,False,True,False,True,False,True,False,False,False,True,False,True,True,False,False,0,0,0.057536714669941084,53.7
0,1,1,-1.2002122764736234,1,1,0.5000771105833088,-0.903042070805666,False,False,False,True,False,False,False,False,True,False,False,False,True,False,False,False,False,False,False,False,True,False,0,1,0.5109002080813597,80.0
0,0,0,0.1023712383613841,1,0,-1.2851968666478226,-0.5899225557297129,True,False,True,False,True,True,False,True,False,True,False,True,False,True,False,True,False,True,False,False,False,False,0,0,0.030629860554096347,26.2
0,1,1,-0.8745663977648716,1,1,-1.5158224083161567,-0.929808172851116,False,False,False,False,True,True,False,True,False,True,False,True,False,True,False,True,False,False,False,False,False,True,1,0,0.14872037740540486,19.25
0,1,0,0.9571916699718578,1,1,1.1819986762357204,1.410975208735114,True,False,True,True,False,False,True,False,False,False,False,False,False,False,True,False,True,True,False,False,True,False,0,0,0.2596454487418549,100.55
0,1,1,0.7536629957788878,1,1,-1.3266762806169474,-0.472612434715761,True,False,True,False,True,True,False,True,False,True,False,True,False,True,False,True,False,False,True,False,False,True,0,0,0.010249802211799159,24.95
1,0,0,0.14307697319997809,1,1,0.8601184238353119,0.3893657482872607,True,False,True,True,False,False,True,False,False,False,False,False,False,False,True,False,False,False,False,False,True,False,1,1,0.5057399785452448,90.85
0,0,1,-1.1188008067964355,1,0,-1.4760021709057967,-0.9620152530172806,True,False,False,False,True,True,False,True,False,True,False,True,False,True,False,True,False,False,True,False,False,True,0,0,0.04058250460469521,20.45
0,1,1,-1.2816237461508113,1,0,-1.477661347464562,-0.999970463294845,True,False,False,False,True,True,False,True,False,True,False,True,False,True,False,True,False,True,False,False,False,True,0,0,0.08904285982692764,20.4
1,1,0,-1.0373893371192475,1,1,0.31424933600162985,-0.7772852700478632,True,False,True,True,False,False,False,False,False,False,False,False,False,False,False,False,False,False,False,False,False,True,1,1,0.6966767612685274,74.4
0,1,0,1.4863662228735797,1,1,-0.37430893588584213,0.6604054406393016,True,False,False,False,False,False,True,False,True,False,False,False,False,False,False,False,False,True,False,True,False,False,0,0,0.015038232381079314,53.65
0,1,1,-0.4268033145403377,1,1,0.08528297089206074,-0.33141027671205897,True,False,False,False,False,False,True,False,False,False,True,False,True,False,True,False,False,True,False,False,False,False,1,0,0.07469334586288139,67.5
0,0,0,1.2421318138420157,1,0,-1.3515639289984223,-0.2988741051273029,False,False,True,False,True,True,False,True,False,True,False,True,False,True,False,True,False,False,True,False,False,True,0,0,0.005109710834871642,24.2
0,1,1,0.9164859351332638,1,1,0.35904710308828447,0.8621823590917639,False,False,True,False,False,False,True,False,True,False,False,False,True,False,False,False,True,True,False,False,False,False,0,0,0.029554058867817878,75.75
0,0,0,-1.2002122764736234,1,0,-0.24489316430217278,-0.9380793371717184,False,False,False,False,False,False,False,False,False,False,True,False,False,False,True,False,False,False,False,False,True,False,0,1,0.45608560614188676,57.55
0,1,1,1.4049547531963917,1,0,0.5448748776699633,1.3599221599976044,True,False,False,False,False,False,True,False,True,False,True,False,False,False,True,False,True,False,True,True,False,False,0,0,0.01006365730026396,81.35
0,0,0,-1.2002122764736234,0,0,-1.3167212212643575,-0.983077103807143,False,True,False,False,False,False,False,False,False,False,False,False,False,False,False,False,False,False,False,False,True,False,1,1,0.5358472235295706,25.25
0,0,0,-1.2816237461508113,1,0,-1.4992306427285067,-1.0002556758576244,True,False,False,False,True,True,False,True,False,True,False,True,False,True,False,True,False,False,False,False,False,True,0,0,0.19349691986226025,19.75
0,0,0,-0.6710377235719016,1,1,0.8003880677197722,-0.3732926445848165,True,False,True,True,False,False,False,False,False,False,False,False,True,False,False,False,True,False,False,True,False,False,1,1,0.539507567777363,89.05
0,0,1,1.2014260790034217,1,1,1.29814103534927,1.8829142424233727,True,False,True,True,False,False,False,False,False,False,True,False,True,False,True,False,True,False,True,False,True,False,0,0,0.12395131674795756,104.05
0,0,0,-0.9966836022806536,1,1,0.018915908541461066,-0.7574300877928367,False,False,True,False,False,False,True,False,True,False,True,False,False,False,False,False,False,False,False,False,False,False,0,0,0.28183977008115374,65.5
0,0,1,-0.9559778674420595,1,0,-1.4876164068171518,-0.925442226697801,True,False,False,False,True,True,False,True,False,True,False,True,False,True,False,True,False,True,False,False,False,True,0,0,0.062209891265172804,20.1
0,1,0,-1.0780950719578415,1,0,-1.5075265255223318,-0.9447269838272686,False,False,False,False,True,True,False,True,False,True,False,True,False,True,False,True,False,False,False,False,False,False,1,0,0.15055671239867877,19.5
0,0,0,-0.1825689055087738,1,0,-0.1967770440979879,-0.2829680198953756,False,False,True,False,False,False,True,False,False,False,True,False,False,False,False,False,False,True,False,False,False,True,0,0,0.07661777192225928,59.0
0,0,0,-0.2639803751859618,1,0,-1.5108448786398618,-0.7783164231594502,True,False,False,False,True,True,False,True,False,True,False,True,False,True,False,True,False,True,False,False,False,True,0,0,0.03668322465403672,19.4
0,1,1,0.22448844287716607,1,1,1.2019087949409006,0.7272329380413022,True,False,True,True,False,False,False,False,False,False,True,False,False,False,True,False,True,False,False,True,False,False,0,1,0.4822851075345132,101.15
0,0,0,-0.5896262538947137,1,1,-0.48547376532309666,-0.6081761597475936,False,False,True,False,False,False,False,False,False,False,False,False,False,False,False,False,False,False,False,False,True,False,0,1,0.418380307724546,50.3
0,1,1,-1.2002122764736234,0,1,-1.1259159170063835,-0.9672148974310278,False,True,False,False,False,False,False,False,False,False,False,False,True,False,False,False,False,False,False,False,False,True,1,1,0.40682273590438667,31.0
0,1,0,-1.2002122764736234,0,0,-1.3250171040581826,-0.9745865452074798,True,True,False,False,False,False,False,False,False,False,False,False,False,False,False,False,False,False,False,False,False,True,0,1,0.47097913598378616,25.0
0,1,0,1.5270719577121736,1,0,0.266133215797445,1.3015413423394546,True,False,True,False,False,False,False,False,True,False,True,False,True,False,True,False,False,False,True,False,False,False,0,0,0.012650840976829161,72.95
0,1,1,1.4049547531963917,1,1,0.14667250356636527,1.0328711082012731,True,False,True,False,False,False,True,False,True,False,True,False,True,False,False,False,False,True,False,True,False,False,0,0,0.013966552234429275,69.35
0,0,1,1.5677776925507676,1,0,-1.3465863993221274,-0.28290220161165736,True,False,True,False,True,True,False,True,False,True,False,True,False,True,False,True,False,False,True,False,False,True,0,0,0.0027851032119316573,24.35
0,0,1,-0.6710377235719016,1,1,0.13837662077254032,-0.5334065894435823,True,False,True,False,False,False,True,False,True,False,False,False,False,False,False,False,True,False,False,False,True,False,0,0,0.3196704981939272,69.1
0,1,1,-0.9152721326034655,1,1,0.018915908541461066,-0.7382330883749934,False,False,False,False,False,False,False,False,True,False,False,False,True,False,False,False,True,False,False,False,True,False,0,0,0.3077570002329662,65.5
0,0,0,-1.2816237461508113,1,1,0.8601184238353119,-0.9690578093751409,True,False,True,True,False,False,False,False,True,False,False,False,False,False,False,False,True,False,False,True,False,False,1,1,0.6874322794649398,90.85
0,1,1,-0.8338606629262776,1,1,-0.2863725782712976,-0.7330773228170584,True,False,False,False,False,False,False,False,False,False,False,False,False,False,True,False,False,False,False,False,False,True,0,0,0.34015491405545606,56.3
0,0,0,-1.1188008067964355,1,0,-0.36767222965078206,-0.8949244824804067,False,False,False,False,False,False,True,False,False,False,False,False,True,False,False,False,False,False,False,True,False,False,1,0,0.1586265487674951,53.85
1,1,0,0.30589991255435406,1,1,1.1372009091490658,0.7735251309231871,False,False,False,True,False,False,False,False,True,False,False,False,True,False,True,False,True,True,False,True,False,False,1,0,0.22488582771089563,99.2
1,1,0,-0.4675090493789317,1,1,0.0006649663950462456,-0.4210328397085044,True,False,False,False,False,False,True,False,True,False,False,False,False,False,False,False,True,False,False,False,False,False,0,0,0.22348373626966397,64.95
0,0,0,-0.9559778674420595,1,1,0.11017061927353564,-0.7557626912719726,True,False,False,False,False,False,True,False,False,False,True,False,True,False,False,False,True,False,False,False,False,False,0,0,0.23135412793868995,68.25
0,1,0,-1.0373893371192475,1,1,-0.48547376532309666,-0.8531079328913675,False,False,False,False,False,False,True,False,False,False,False,False,False,False,False,False,False,False,False,False,False,False,0,0,0.2734617947492021,50.3
0,0,0,0.22448844287716607,1,0,-1.4892755833759168,-0.7113353497621068,False,False,False,False,True,True,False,True,False,True,False,True,False,True,False,True,False,True,False,False,False,True,0,0,0.020286191417351867,20.05
0,0,0,-1.2816237461508113,1,1,-0.4788370590880366,-0.9867629276953689,True,False,False,False,False,False,False,False,False,False,True,False,False,False,False,False,False,False,False,False,True,False,1,1,0.5073841790248652,50.5
0,0,0,-1.0373893371192475,1,1,0.33084110158927976,-0.7936740226937248,True,False,False,True,False,False,False,False,False,False,True,False,False,False,False,False,False,False,False,False,True,False,0,1,0.6518902849371835,74.9
0,0,0,-1.2409180113122174,1,1,0.1997661534468453,-0.9483908682875886,False,False,False,True,False,False,False,False,False,False,False,False,False,False,False,False,False,False,False,False,True,False,1,1,0.691924095974121,70.95
0,0,0,0.9571916699718578,1,1,-1.5058673489635668,-0.5347887734016671,False,False,False,False,True,True,False,True,False,True,False,True,False,True,False,True,False,False,True,False,False,False,0,0,0.006463483643458886,19.55
0,1,0,-1.0780950719578415,1,0,-0.48381458876433153,-0.87090080892322,False,False,True,False,False,False,False,False,False,False,False,False,False,False,False,False,False,False,False,False,True,False,0,1,0.44848983539674026,50.35
0,0,0,1.2421318138420157,1,0,-0.21170963312687294,0.5283739635003522,False,False,False,False,False,False,False,False,False,False,True,False,False,False,False,False,True,True,False,True,False,False,0,0,0.0269297836846607,58.55
0,0,0,1.2828375486806096,1,1,1.512174811429954,2.0929842646243433,False,False,True,True,False,False,False,False,True,False,True,False,True,False,True,False,True,False,True,True,False,False,0,0,0.0871096319557831,110.5
0,1,0,-0.1418631706701798,0,1,-0.6314813024944159,-0.4242798750386081,True,True,False,False,False,False,False,False,False,False,False,False,False,False,True,False,True,False,False,False,True,False,0,1,0.4883401957390314,45.9
0,0,0,-0.019745966154397852,1,1,0.6875640617237531,0.16014260552425924,True,False,True,True,False,False,False,False,False,False,False,False,False,False,False,False,True,False,False,False,False,False,0,1,0.498497581740041,85.65
1,0,0,-1.2409180113122174,1,1,0.634470411843273,-0.9272851386419139,False,False,True,True,False,False,False,False,False,False,False,False,False,False,False,False,True,False,False,False,True,False,0,1,0.8176085577918357,84.05
0,1,0,1.1200146093262338,1,1,0.9779199595076267,1.4527917583241532,True,False,False,True,False,False,False,False,True,False,False,False,False,False,True,False,True,True,False,False,True,False,1,0,0.22400124756327863,94.4
0,0,0,-0.4268033145403377,1,0,0.003983319512576041,-0.38252914373328734,True,False,True,False,False,False,True,False,True,False,True,False,False,False,False,False,False,False,False,False,False,True,0,0,0.1520237910993757,65.05
0,0,0,-0.8745663977648716,0,1,-0.9716124970412393,-0.8223927338228184,True,True,False,False,False,False,False,False,True,False,False,False,True,False,False,False,False,False,False,False,True,False,0,1,0.4155024483190245,35.65
1,1,0,0.9978974048104517,1,1,0.8534817176002523,1.2726909946429243,True,False,False,True,False,False,False,False,True,False,True,False,False,False,True,False,False,True,False,False,True,False,0,0,0.2111247674044039,90.65
0,0,0,-1.2816237461508113,1,1,-0.6895524820511906,-0.9895492350394444,True,False,False,False,False,False,False,False,False,False,False,False,False,False,False,False,False,False,False,False,False,True,1,1,0.4458018639557202,44.15
0,0,0,1.2014260790034217,1,1,-1.5174815848749215,-0.5158769865466031,False,False,False,False,True,True,False,True,False,True,False,True,False,True,False,True,False,False,True,True,False,False,0,0,0.004736512836947833,19.2
0,1,0,0.590840056424512,1,1,1.1222683201201809,0.9804139360777723,False,False,True,True,False,False,True,False,True,False,True,False,False,False,True,False,False,False,False,False,True,False,1,1,0.36398513129640636,98.75
0,1,1,1.1607203441648277,1,0,0.7688637131032373,1.4161529137209552,False,False,True,False,False,False,True,False,True,False,True,False,True,False,True,False,True,False,True,False,False,True,0,0,0.014604084645734483,88.1
0,0,0,-1.2002122764736234,1,1,0.1732193285066055,-0.9237090118932186,False,False,False,True,False,False,False,False,False,False,False,False,False,False,False,False,False,False,False,False,True,False,0,1,0.6864055855719673,70.15
0,1,1,1.2828375486806096,1,0,0.5349198183173736,1.244411072071953,True,False,False,True,False,False,True,False,True,False,False,False,False,False,False,False,False,False,False,False,True,False,0,0,0.08592564169202373,81.05
0,1,1,-1.0780950719578415,1,1,0.9663057235962715,-0.7813001853546807,False,False,True,True,False,False,False,False,True,False,True,False,False,False,True,False,False,False,False,False,False,True,0,1,0.6212303356544127,94.05
0,1,1,0.9571916699718578,1,0,-1.4892755833759168,-0.5305983426716008,False,False,False,False,True,True,False,True,False,True,False,True,False,True,False,True,False,False,True,False,False,True,0,0,0.003922302325488552,20.05
0,1,1,-0.22327464034736777,1,0,-0.5004063543519814,-0.4226344179456501,False,False,False,False,False,False,False,False,True,False,False,False,False,False,False,False,False,False,False,False,False,True,0,0,0.11600759181433926,49.85
0,1,0,0.5501343215859179,0,0,-0.6430955384057709,-0.10407392474898244,False,True,False,False,False,False,True,False,True,False,False,False,False,False,True,False,False,False,False,False,True,False,0,0,0.12412169512401697,45.55
1,0,0,-1.2816237461508113,1,0,-0.6580281274346557,-0.9891323859092285,True,False,False,False,False,False,False,False,False,False,False,False,False,False,False,False,False,False,False,False,True,False,1,1,0.46318413667821984,45.1
0,0,0,-0.8745663977648716,1,0,-1.477661347464562,-0.9073641381031692,True,False,False,False,True,True,False,True,False,True,False,True,False,True,False,True,False,False,True,False,False,True,0,0,0.03864186967161514,20.4
0,1,0,-0.019745966154397852,1,1,1.1255866732377107,0.37146317511587784,True,False,True,True,False,False,False,False,True,False,False,False,False,False,True,False,True,False,False,True,False,False,0,1,0.5455004159106539,98.85
0,0,0,-1.1595065416350294,1,0,0.4287325185564139,-0.8776362132903947,True,False,False,True,False,False,False,False,False,False,False,False,False,False,True,False,False,False,False,False,True,False,1,1,0.658901623452904,77.85
0,0,0,-0.3453918448631497,1,1,-0.30794187353524244,-0.3943764348025849,True,False,True,False,False,False,True,False,False,False,False,False,False,False,False,False,False,False,False,False,False,False,1,0,0.2095094771888534,55.65
0,0,0,0.1023712383613841,1,1,1.4607403381082393,0.757421590840105,True,False,True,True,False,False,True,False,False,False,True,False,True,False,True,False,True,False,True,False,True,False,0,0,0.20318902798081104,108.95
0,0,1,0.5501343215859179,1,1,1.336302096200865,1.1072896476587868,False,False,False,True,False,False,True,False,True,False,False,False,True,False,True,False,True,True,False,False,False,False,1,0,0.1010240794327776,105.2
0,1,1,-1.2816237461508113,1,1,0.16824179883031035,-0.9782065508119873,True,False,False,True,False,False,False,False,False,False,False,False,False,False,False,False,False,False,False,False,True,False,1,1,0.6627527832387364,70.0
0,1,0,1.6084834273893616,1,1,1.5005605755185993,2.4492586343916085,False,False,True,True,False,False,True,False,False,False,True,False,True,False,True,False,True,False,True,True,False,False,0,0,0.057458272126865974,110.15
1,1,0,1.2421318138420157,1,1,1.2798900932028552,1.8341648336160037,False,False,True,True,False,False,False,False,True,False,True,False,False,False,True,False,True,False,False,False,True,False,0,1,0.46765393520327503,103.5
0,1,0,-0.4675090493789317,1,1,0.7157700632227577,-0.21528488480503677,False,False,True,True,False,False,False,False,False,False,False,False,False,False,False,False,True,False,False,False,True,False,1,1,0.6770221104155723,86.5
0,1,1,0.18378270803857208,0,1,-0.8206274301936248,-0.33961562274894286,True,True,False,False,False,False,True,False,False,False,True,False,True,False,False,False,False,True,False,False,True,False,0,0,0.06935262768078353,40.2
0,0,0,0.9164859351332638,1,1,1.1936129121470758,1.4272542642414452,True,False,False,True,False,False,True,False,True,False,False,False,False,False,True,False,True,True,False,False,False,True,0,0,0.1439303488180797,100.9
0,1,0,-0.7524491932490895,1,1,0.055417792834290706,-0.5791283571999084,True,False,True,False,False,False,False,False,False,False,False,False,True,False,True,False,False,False,False,True,False,False,0,0,0.34137039172534867,66.6
0,1,1,0.8350744654560759,1,0,0.22963133150461487,0.6707169717551718,True,False,True,False,False,False,True,False,False,False,False,False,True,False,False,False,True,False,False,False,True,False,0,0,0.06835686003337428,71.85
0,1,1,0.7129572609402939,1,1,0.6377887649608033,0.8183693215632689,False,False,True,False,False,False,False,False,True,False,True,False,True,False,True,False,True,True,False,True,False,False,0,0,0.06582169190670706,84.15
1,1,0,0.22448844287716607,1,1,1.250024915145085,0.7502693373427141,True,False,True,True,False,False,False,False,True,False,True,False,False,False,True,False,True,False,False,False,True,False,0,1,0.6484208788792553,102.6
1,0,0,-0.10115743583158582,1,1,1.1537926747367158,0.2931174780631712,False,False,True,True,False,False,False,False,True,False,False,False,False,False,True,False,True,False,False,False,True,False,1,1,0.6790241054368008,99.7
0,0,0,-0.1825689055087738,1,1,-0.1669118660402181,-0.28285832275584505,False,False,False,False,False,False,True,False,True,False,False,False,True,False,False,False,False,True,False,False,True,False,0,0,0.06870607045877333,59.9
1,1,0,0.5501343215859179,0,1,-0.1669118660402181,0.22699204235416598,True,True,False,False,False,False,False,False,True,False,True,False,True,False,True,False,True,True,False,False,False,False,1,0,0.11113319611963016,59.9
0,0,0,1.4049547531963917,1,0,-1.472683817788267,-0.4194532008992647,False,False,False,False,True,True,False,True,False,True,False,True,False,True,False,True,False,True,False,False,True,False,0,0,0.0073614871585746125,20.55
0,0,0,-1.2816237461508113,1,0,-0.6298221259356508,-0.9887594156348246,False,False,False,False,False,False,False,False,False,False,False,False,False,False,False,False,False,False,False,False,False,True,1,0,0.34529417550082664,45.95
0,1,0,0.7129572609402939,1,0,-1.497571466169742,-0.5643411827911926,True,False,False,False,True,True,False,True,False,True,False,True,False,True,False,True,False,False,True,False,True,False,0,0,0.009136782572071778,19.8
0,1,0,0.9571916699718578,1,1,1.097380671738706,1.3037572245579714,False,False,True,True,False,False,True,False,False,False,False,False,False,False,True,False,True,True,False,False,True,False,0,0,0.2524853628955418,98.0
0,0,0,-1.2816237461508113,1,0,-1.4925939364934466,-1.0001679181460001,True,False,False,False,True,True,False,True,False,True,False,True,False,True,False,True,False,False,False,False,False,True,0,0,0.19302143572289962,19.95
0,1,0,-1.2002122764736234,0,0,-0.9898634391876541,-0.964560226654389,True,True,False,False,False,False,True,False,False,False,False,False,True,False,False,False,False,False,False,False,False,True,0,0,0.2858405071631395,35.1
0,1,0,1.6084834273893616,1,1,1.4806504568134191,2.5738307060424814,False,False,True,True,False,False,True,False,True,False,True,False,False,False,True,False,True,False,True,False,True,False,0,0,0.10868381276683828,109.55
0,0,0,0.631545791263106,1,1,-0.15197927701133307,0.261985429864406,False,False,False,False,False,False,True,False,False,False,True,False,True,False,False,False,False,True,False,True,False,False,1,0,0.025693983897836694,60.35
0,0,0,-0.9559778674420595,0,0,-0.84219672545757,-0.8452536177009814,True,True,False,False,False,False,True,False,True,False,True,False,False,False,False,False,False,True,False,False,False,True,0,0,0.1548413851861693,39.55
0,0,0,-0.5489205190561197,1,0,0.15496838636019022,-0.3970091661513177,True,False,True,False,False,False,False,False,False,False,False,False,False,False,True,False,True,False,False,False,False,True,0,1,0.3811792660200366,69.6
0,1,1,0.5501343215859179,1,0,0.5332606417586087,0.678812620652525,True,False,False,False,False,False,True,False,False,False,True,False,True,False,True,False,True,False,True,False,False,True,0,0,0.018527562033009676,81.0
0,1,0,0.9571916699718578,1,1,1.4043283351102296,1.6384212578377213,True,False,True,True,False,False,False,False,True,False,False,False,True,False,True,False,True,True,False,False,True,False,0,0,0.254193482124169,107.25
0,0,0,0.1023712383613841,1,0,0.6046052337855035,0.24094551850244966,True,False,True,True,False,False,False,False,False,False,False,False,False,False,True,False,False,False,False,False,True,False,0,1,0.4855075327153535,83.15
0,0,0,-0.30468611002455576,1,0,-1.497571466169742,-0.8004094270608995,False,False,False,False,True,True,False,True,False,True,False,True,False,True,False,True,False,False,True,True,False,False,0,0,0.018199401277663042,19.8
0,0,0,-0.4675090493789317,1,1,0.12344403174365576,-0.35372267489256937,False,False,False,True,False,False,False,False,False,False,False,False,False,False,False,False,False,False,False,False,True,False,0,1,0.5464425465759659,68.65
0,1,1,1.5677776925507676,1,0,-1.3134028681468275,-0.19823794932199199,True,False,True,False,True,True,False,True,False,True,False,True,False,True,False,True,False,False,True,True,False,False,0,0,0.0026459393609236256,25.35
0,1,0,-1.2816237461508113,1,1,0.4785078153193637,-0.9741038777935455,False,False,False,True,False,False,False,False,False,False,False,False,False,False,True,False,False,False,False,False,False,False,1,1,0.672824078536857,79.35
0,0,0,1.2014260790034217,1,0,0.6494030008721581,1.2697949901593182,False,False,True,False,False,False,False,False,True,False,True,False,True,False,True,False,True,False,True,False,False,False,0,0,0.021605019466873782,84.5
0,1,1,0.8350744654560759,1,1,0.458597696614184,0.7209802010880618,True,False,True,False,False,False,False,False,False,False,True,False,True,False,True,False,True,True,False,False,False,True,0,0,0.07202693819798646,78.75
0,0,0,-1.2409180113122174,1,1,0.33084110158927976,-0.9492245665480205,False,False,True,True,False,False,False,False,False,False,False,False,False,False,False,False,False,False,False,False,False,True,0,1,0.6896063267823044,74.9
1,1,0,1.6084834273893616,1,1,0.9331221924209716,1.9463411284999275,True,False,True,True,False,False,True,False,True,False,True,False,True,False,False,False,False,False,True,False,False,False,0,0,0.030719084343687194,93.05
0,1,0,-0.3453918448631497,1,1,0.48846287467195404,-0.16263025783038096,False,False,True,True,False,False,False,False,False,False,True,False,False,False,False,False,False,False,False,False,False,True,0,1,0.5173518541326445,79.65
0,0,0,0.346605647392948,1,1,-0.3062826969764773,-0.027110411654360494,True,False,True,False,False,False,False,False,False,False,True,False,False,False,False,False,False,False,False,False,False,False,0,0,0.16485927469981787,55.7
0,0,1,-1.2409180113122174,1,1,0.9712832532725666,-0.9238845273164673,False,False,True,True,False,False,False,False,False,False,False,False,False,False,True,False,True,False,False,False,False,False,1,1,0.7216471580594493,94.2
0,0,0,-1.2409180113122174,1,1,0.09357885368588571,-0.9577370645755898,True,False,False,True,False,False,False,False,False,False,False,False,False,False,False,False,False,False,False,False,True,False,1,1,0.705621097597418,67.75
1,1,0,-0.22327464034736777,1,1,1.0160810203592212,0.09252528871763857,True,False,True,True,False,False,False,False,True,False,True,False,False,False,False,False,True,False,False,False,True,False,1,1,0.6369541410054315,95.55
1,1,0,0.8350744654560759,1,1,1.2267964433223755,1.4260914745624214,True,False,True,True,False,False,False,False,True,False,False,False,False,False,True,False,True,False,False,False,True,False,1,1,0.5446131470087491,101.9
0,0,0,0.06166550352279012,1,1,-0.017585975751368575,-0.09240214910293379,False,False,True,False,False,False,True,False,True,False,False,False,True,False,False,False,False,True,False,False,False,True,1,0,0.05560983083674317,64.4
0,0,0,-1.2816237461508113,1,1,0.665994766459808,-0.9716247224401553,True,False,False,True,False,False,False,False,True,False,False,False,False,False,False,False,True,False,False,False,True,False,0,1,0.7169625659489111,85.0
0,1,1,0.631545791263106,1,0,-1.5058673489635668,-0.6213178770633515,False,False,False,False,True,True,False,True,False,True,False,True,False,True,False,True,False,False,True,False,False,True,0,0,0.005664219008892771,19.55
1,0,0,-1.2002122764736234,1,1,0.3358186312655745,-0.8964821818617402,False,False,True,True,False,False,False,False,False,False,False,False,False,False,False,False,False,False,False,True,False,False,1,1,0.6937475638728402,75.05
0,1,1,1.5677776925507676,1,0,-0.029200211662723803,0.9625113629063892,False,False,False,False,False,False,True,False,True,False,True,False,True,False,False,False,False,False,True,True,False,False,0,0,0.0030091322972144075,64.05
0,0,0,-0.3453918448631497,1,1,0.697519121076343,-0.08432843963348652,True,False,False,True,False,False,False,False,True,False,True,False,True,False,False,False,False,False,False,False,True,False,0,1,0.3933431049731677,85.95
1,1,0,-1.1188008067964355,1,0,0.16990097538907525,-0.8761443321927795,False,False,False,True,False,False,False,False,False,False,False,False,False,False,False,False,False,False,False,False,True,False,0,1,0.6233052210780965,70.05
1,0,0,-0.9966836022806536,1,1,0.35904710308828447,-0.7429061865189941,False,False,True,True,False,False,False,False,False,False,False,False,False,False,False,False,False,False,False,False,True,False,1,1,0.7399669113405208,75.75
0,0,0,-0.7117434584104956,1,1,-1.497571466169742,-0.8731605699975489,True,False,False,False,True,True,False,True,False,True,False,True,False,True,False,True,False,False,False,False,False,True,0,0,0.15402958406197828,19.8
1,0,0,-1.2409180113122174,1,1,0.3242043953542197,-0.9363461223671359,True,False,False,True,False,False,False,False,True,False,False,False,False,False,False,False,False,False,False,False,True,False,1,1,0.6965781236272064,74.7
0,1,1,-0.7931549280876836,1,1,-1.3250171040581826,-0.8630245543049277,False,False,True,False,True,True,False,True,False,True,False,True,False,True,False,True,False,False,True,False,False,False,0,0,0.050459575703392774,25.0
1,1,0,-0.6303319887333076,1,1,0.6776090023711627,-0.3667766344967028,False,False,True,True,False,False,True,False,False,False,True,False,False,False,False,False,False,False,False,False,False,False,1,1,0.48714399523877455,85.35
0,1,0,-0.3453918448631497,1,1,-0.21834633936193276,-0.4179174409458372,True,False,True,False,False,False,True,False,False,False,False,False,True,False,False,False,False,True,False,False,True,False,0,0,0.12453040168134628,58.35
0,1,1,0.7129572609402939,1,0,-1.472683817788267,-0.539308295550325,False,False,False,False,True,True,False,True,False,True,False,True,False,True,False,True,False,False,True,True,False,False,0,0,0.004747951673898599,20.55
0,0,0,0.9978974048104517,1,1,0.3125901594428645,0.8854820315280493,True,False,False,False,False,False,True,False,False,False,True,False,False,False,True,False,True,False,True,False,False,False,0,0,0.028611932470968927,74.35
1,0,0,-1.2002122764736234,0,0,-1.3150620447055927,-0.9748059394865408,False,True,False,False,False,False,False,False,False,False,False,False,False,False,False,False,False,False,False,False,True,False,1,1,0.5732535517991586,25.3
0,0,0,0.18378270803857208,1,1,0.8700734831879022,0.46946659957245596,True,False,True,True,False,False,True,False,False,False,False,False,False,False,True,False,False,False,False,False,True,False,0,1,0.46543220855267803,91.15
0,1,0,1.5677776925507676,1,0,-1.3051069853530026,-0.1803792550064212,False,False,True,False,True,True,False,True,False,True,False,True,False,True,False,True,False,False,True,True,False,False,0,0,0.0032670193450195354,25.6
0,1,1,1.6084834273893616,1,1,0.052099439716760905,1.1023532763799129,True,False,True,False,False,False,True,False,False,False,True,False,True,False,False,False,False,False,True,True,False,False,0,0,0.006913949965096142,66.5
0,0,1,0.7943687306174818,1,0,-1.3051069853530026,-0.4233584190665517,True,False,True,False,True,True,False,True,False,True,False,True,False,True,False,True,False,False,True,True,False,False,0,0,0.006031451213626483,25.6
0,0,0,-1.1595065416350294,1,1,-1.4959122896109767,-0.9812780707188422,True,False,False,False,True,True,False,True,False,True,False,True,False,True,False,True,False,False,False,False,True,False,0,0,0.2916531513652987,19.85
0,0,0,-0.9559778674420595,1,1,0.15165003324266044,-0.7222831242872539,True,False,False,False,False,False,True,False,False,False,True,False,True,False,True,False,False,False,False,False,False,True,0,0,0.24622303972158133,69.5
1,1,0,-1.0373893371192475,1,1,0.3291819250305144,-0.7959996020517721,True,False,True,True,False,False,False,False,False,False,False,False,False,False,False,False,False,False,False,False,True,False,0,1,0.7550239484325724,74.85
0,1,1,0.631545791263106,1,1,0.17156015194784016,0.41205111674217504,False,False,False,False,False,False,True,False,True,False,True,False,False,False,False,False,True,False,True,True,False,False,0,0,0.01863999507035191,70.1
0,1,0,0.590840056424512,1,1,-0.2100504565681078,0.1860750093092772,False,False,False,False,False,False,False,False,True,False,False,False,False,False,True,False,False,False,False,False,False,False,0,0,0.12186829384990709,58.6
1,0,0,-1.1595065416350294,1,0,0.2594965095623849,-0.8694966855372291,False,False,False,True,False,False,False,False,True,False,False,False,False,False,False,False,False,False,False,False,True,False,0,1,0.5985638311195087,72.75
0,0,0,0.590840056424512,1,1,1.2865267994379153,1.0668114031720202,False,False,False,True,False,False,True,False,False,False,True,False,True,False,True,False,True,True,False,False,True,False,0,0,0.1841969537542235,103.7
0,1,0,-0.3453918448631497,0,0,-1.188964626239453,-0.7070352218925099,True,True,False,False,False,False,False,False,False,False,True,False,False,False,False,False,False,False,False,False,True,False,0,0,0.3166775209311312,29.1
0,0,0,-1.2816237461508113,1,1,-0.4804962356468015,-0.9867848671232751,False,False,False,False,False,False,False,False,False,False,True,False,False,False,False,False,False,False,False,False,False,True,1,1,0.4252923465811932,50.45
0,0,0,-1.2816237461508113,0,1,-0.6729607164635407,-0.9893298407603833,True,True,False,False,False,False,False,False,True,False,False,False,True,False,False,False,True,False,False,False,False,True,1,1,0.5013293202526298,44.65
0,1,1,-1.2816237461508113,1,0,-1.5158224083161567,-1.0004750701366856,False,False,False,False,True,True,False,True,False,True,False,True,False,True,False,True,False,False,False,False,True,False,0,0,0.20857238288564983,19.25
0,0,0,0.631545791263106,1,1,1.4325343366092342,1.21461732897546,True,False,True,True,False,False,False,False,True,False,True,False,False,False,True,False,True,False,True,False,False,False,0,0,0.16570012131282344,108.1
0,0,0,-0.22327464034736777,1,0,-1.4876164068171518,-0.7620593070810252,True,False,False,False,True,True,False,True,False,True,False,True,False,True,False,True,False,True,False,False,False,False,0,0,0.03219071897469112,20.1
0,1,0,1.1200146093262338,1,0,-0.168571042598983,0.5195762529100033,False,False,False,False,False,False,True,False,True,False,False,False,True,False,False,False,False,False,True,False,False,False,0,0,0.005515368787348564,59.85
0,0,0,-0.2639803751859618,1,1,-0.29466846106512257,-0.32739536140524145,False,False,False,False,False,False,False,False,True,False,True,False,False,False,False,False,False,True,False,False,False,True,0,0,0.10932027676793049,56.05
1,0,0,0.7536629957788878,1,0,-1.5042081724048018,-0.5842183044741251,False,False,False,False,True,True,False,True,False,True,False,True,False,True,False,True,False,False,True,True,False,False,0,0,0.006347186889837141,19.6
0,0,0,-1.1595065416350294,1,1,0.46689357940800896,-0.8759029984858122,False,False,False,True,False,False,False,False,False,False,False,False,False,False,True,False,False,False,False,False,True,False,1,1,0.7301249935221907,79.0
1,0,0,-0.2639803751859618,1,1,0.03716685068787588,-0.28386753643952595,False,False,True,False,False,False,False,False,False,False,False,False,True,False,False,False,True,False,False,False,True,False,0,1,0.35672447049682726,66.05
0,0,0,0.346605647392948,1,1,1.3794406867287545,0.8701463714216804,False,False,True,True,False,False,True,False,True,False,True,False,True,False,True,False,False,False,False,False,True,False,0,0,0.32066214831979956,106.5
0,1,0,1.4456604880349857,1,0,1.6581823486012734,2.4327382451783106,False,False,True,True,False,False,True,False,True,False,True,False,True,False,True,False,True,False,True,False,False,False,0,0,0.0421644425814363,114.9
0,1,1,0.5094285867473239,1,0,-0.34112540471054226,0.1116125909959513,True,False,False,False,False,False,True,False,False,False,False,False,True,False,False,False,False,False,True,False,False,False,0,0,0.009257091117761428,54.65
0,1,1,-0.4268033145403377,1,1,0.15165003324266044,-0.3515287321019587,False,False,False,False,False,False,False,False,True,False,False,False,False,False,True,False,True,True,False,False,False,False,1,0,0.15642519240540875,69.5
0,0,0,-0.8338606629262776,1,1,0.4984179340245439,-0.5510897683359042,True,False,False,True,False,False,False,False,False,False,False,False,False,False,False,False,True,False,False,False,False,False,0,1,0.5911357283935568,79.95
0,0,0,-1.2816237461508113,1,0,-0.6961891882862504,-0.989636992751069,False,False,False,False,False,False,False,False,False,False,False,False,False,False,False,False,False,False,False,True,False,False,0,0,0.32912926205288495,43.95
0,0,0,-1.0373893371192475,1,1,0.9679649001550363,-0.7011993340694855,True,False,True,True,False,False,False,False,False,False,False,False,False,False,True,False,True,False,False,False,True,False,0,1,0.8108445343178731,94.1
0,0,0,-1.2816237461508113,1,1,-1.4842980536996218,-1.0000582210064695,False,False,False,False,True,True,False,True,False,True,False,True,False,True,False,True,False,False,False,False,False,False,1,0,0.23822556948959792,20.2
0,0,0,-0.7931549280876836,0,1,-1.3615189883510124,-0.8769341515973993,False,True,False,False,False,False,False,False,False,False,False,False,False,False,False,False,False,False,False,False,True,False,1,1,0.5207495653536854,23.9
0,0,0,0.7536629957788878,1,0,-1.4760021709057967,-0.5514188597544958,True,False,False,False,True,True,False,True,False,True,False,True,False,True,False,True,False,False,True,False,False,True,0,0,0.006219512761943858,20.45
0,1,1,-1.1595065416350294,1,0,-0.6679831867872458,-0.9344812709951168,True,False,False,False,False,False,False,False,False,False,False,False,False,False,False,False,False,False,False,False,True,False,0,0,0.3498643717826523,44.8
0,0,0,-0.2639803751859618,1,1,0.642766294637098,-0.007781775669080709,True,False,True,True,False,False,False,False,False,False,True,False,True,False,False,False,False,False,False,False,False,True,0,1,0.41965742562014996,84.3
0,0,0,-0.3453918448631497,1,1,0.7970697146022425,-0.0994227660328879,False,False,True,True,False,False,False,False,False,False,True,False,False,False,True,False,False,False,False,True,False,False,0,1,0.5519597984208143,88.95
1,1,0,1.1607203441648277,1,1,0.9712832532725666,1.5779342551005853,False,False,True,True,False,False,True,False,True,False,True,False,True,False,False,False,False,False,False,True,False,False,0,0,0.13839893118300242,94.2
0,0,0,1.6084834273893616,1,1,1.6581823486012734,2.7193329919157807,False,False,True,True,False,False,True,False,True,False,True,False,True,False,True,False,True,False,True,False,True,False,0,0,0.08078179404317813,114.9
0,0,0,0.9164859351332638,1,1,0.6411071180783331,1.00505191361633,False,False,True,True,False,False,True,False,False,False,True,False,False,False,False,False,False,True,False,True,False,False,0,0,0.10622288694221937,84.25
0,0,0,-0.8338606629262776,1,0,0.5564891135813186,-0.6321778938768743,True,False,False,True,False,False,True,False,False,False,True,False,False,False,False,False,False,False,False,False,False,False,1,0,0.3176326844462731,81.7
0,1,1,1.2828375486806096,1,0,0.9447364283323268,1.5458368720739515,True,False,True,True,False,False,True,False,False,False,True,False,False,False,False,False,True,False,True,False,False,False,0,0,0.037673692450541765,93.4
1,0,0,0.18378270803857208,1,1,1.0492645515345211,0.562072924764132,False,False,True,True,False,False,False,False,False,False,False,False,False,False,True,False,True,False,False,False,True,False,1,1,0.6629708302219819,96.55
0,1,0,1.6084834273893616,1,1,0.7887738318084175,1.7561921068377013,True,False,True,False,False,False,True,False,True,False,True,False,True,False,True,False,True,False,True,True,False,False,0,0,0.01652515677774438,88.7
0,0,0,-0.8745663977648716,1,0,-1.5075265255223318,-0.9094045048984369,True,False,False,False,True,True,False,True,False,True,False,True,False,True,False,True,False,True,False,False,False,True,0,0,0.07101452943870251,19.5
1,1,0,0.7943687306174818,1,1,1.465717867784534,1.4693340869653575,False,False,True,True,False,False,True,False,True,False,True,False,False,False,True,False,True,False,False,False,True,False,0,1,0.45139184134223104,109.1
0,1,1,1.0386031396490458,1,1,-0.6912116586099555,0.04989698029607363,False,False,False,False,False,False,False,False,False,False,False,False,False,False,False,False,False,True,False,False,False,True,0,0,0.029494603817694424,44.1
0,0,0,-1.1595065416350294,1,0,-0.3228744625641272,-0.9121030545308881,False,False,False,False,False,False,True,False,True,False,False,False,False,False,False,False,False,False,False,False,True,False,0,0,0.2632694613359641,55.2
0,1,1,0.22448844287716607,1,0,-1.480979700582092,-0.6801155438517171,False,False,False,False,True,True,False,True,False,True,False,True,False,True,False,True,False,True,False,False,False,True,0,0,0.01680920176573162,20.3
0,0,1,-1.2002122764736234,1,0,-1.462728758435677,-0.9823092238304292,True,False,False,False,True,True,False,True,False,True,False,True,False,True,False,True,False,False,False,False,False,True,0,0,0.14632208630263296,20.85
0,0,0,1.2014260790034217,1,1,0.9082345440394968,1.5059729315685555,True,False,True,True,False,False,True,False,True,False,False,False,False,False,False,False,True,True,False,False,False,False,0,0,0.11288510456836211,92.3
0,0,0,-0.9966836022806536,1,0,-0.3543988171806622,-0.812454172981352,False,False,False,False,False,False,True,False,False,False,False,False,True,False,False,False,False,True,False,False,False,False,0,0,0.07961752026180578,54.25
0,1,1,-0.6710377235719016,1,0,-1.4992306427285067,-0.8714054157650604,True,False,False,False,True,True,False,True,False,True,False,True,False,True,False,True,False,False,False,False,True,False,0,0,0.11708969139200236,19.75
0,0,0,-0.9966836022806536,1,0,-0.7094626007563706,-0.8617520674863735,True,False,False,False,False,False,False,False,False,False,False,False,False,False,False,False,False,False,False,False,False,True,0,0,0.29456052930981835,43.55
0,0,0,-1.2816237461508113,1,0,-1.497571466169742,-1.0002337364297182,True,False,False,False,True,True,False,True,False,True,False,True,False,True,False,True,False,False,False,False,False,True,1,0,0.1933779654242413,19.8
0,1,1,0.7943687306174818,0,0,-0.4887921184406264,0.11174422756338803,True,True,False,False,False,False,False,False,True,False,True,False,True,False,True,False,False,False,True,False,False,True,0,0,0.018583583747107182,50.2
0,1,0,1.6084834273893616,1,1,-1.2918335728828827,-0.2296332706556305,False,False,True,False,True,True,False,True,False,True,False,True,False,True,False,True,False,False,True,False,False,True,0,0,0.00483555164713353,26.0
1,0,0,-0.6710377235719016,1,0,0.1566275629189556,-0.5511336471917164,True,False,False,True,False,False,False,False,False,False,False,False,False,False,False,False,False,False,False,False,True,False,0,1,0.5291348754760062,69.65
0,0,0,-0.5896262538947137,1,1,0.8186390098661871,-0.2923800344670953,True,False,True,True,False,False,False,False,False,False,True,False,False,False,True,False,False,True,False,True,False,False,0,1,0.4354490392743375,89.6
0,0,0,-1.2816237461508113,1,0,-1.4826388771408567,-1.0000362815785633,True,False,False,False,True,True,False,True,False,True,False,True,False,True,False,True,False,False,False,False,False,True,1,0,0.19230987717163425,20.25
0,1,1,1.6084834273893616,1,1,0.34743286717692967,1.395749245768276,True,False,False,False,False,False,False,False,True,False,True,False,False,False,True,False,True,False,True,False,False,False,0,0,0.018177487973864957,75.4
0,1,0,0.6722515261016999,1,0,-1.4677062881119718,-0.5560700184705905,False,False,False,False,True,True,False,True,False,True,False,True,False,True,False,True,False,True,False,True,False,False,0,0,0.011555899451888714,20.7
0,0,0,-1.2816237461508113,1,0,-0.6945300117274855,-0.9896150533231627,True,False,False,False,False,False,False,False,False,False,False,False,False,False,False,False,False,False,False,False,True,False,0,1,0.43078026831550703,44.0
0,1,0,0.7536629957788878,1,1,0.9480547814498567,1.0180839337925573,False,False,False,True,False,False,True,False,True,False,True,False,False,False,True,False,False,True,False,False,True,False,0,0,0.15353388387624084,93.5
1,1,0,1.6084834273893616,1,1,1.0724930233572312,2.1210009140604416,True,False,True,True,False,False,False,False,True,False,False,False,False,False,True,False,True,True,False,True,False,False,0,0,0.18966144519951442,97.25
1,1,0,1.6084834273893616,1,0,0.412140752968764,1.3588910068860172,True,False,True,False,False,False,False,False,True,False,True,False,True,False,True,False,False,False,True,True,False,False,0,0,0.012486433587486951,77.35
0,0,0,-0.6710377235719016,1,0,-1.5224591145512167,-0.8655914673699422,False,False,False,False,True,True,False,True,False,True,False,True,False,True,False,True,False,True,False,False,False,True,0,0,0.05638804114524805,19.05
0,1,1,-0.6710377235719016,1,0,0.6626764133422782,-0.3953856484862658,True,False,True,False,False,False,True,False,True,False,False,False,True,False,True,False,True,False,False,False,True,False,0,0,0.23086364664790207,84.9
0,0,0,-1.2816237461508113,1,0,-1.5025489958460367,-1.0002995547134366,True,False,False,False,True,True,False,True,False,True,False,True,False,True,False,True,False,False,False,False,False,False,0,0,0.18126702223416455,19.65
0,1,0,-0.9152721326034655,1,1,0.6859048851649877,-0.6518136818528396,True,False,True,True,False,False,False,False,False,False,False,False,False,False,True,False,False,False,False,False,True,False,1,1,0.7518820792516925,85.6
0,1,0,0.9978974048104517,1,1,1.1886353824707805,1.617227770480422,False,False,True,True,False,False,False,False,False,False,True,False,False,False,True,False,True,True,False,True,False,False,0,0,0.2601485478186175,100.75
0,1,1,-0.019745966154397852,1,1,0.858459247276547,0.3179090315970716,True,False,False,True,False,False,True,False,True,False,False,False,False,False,False,False,True,True,False,False,True,False,0,0,0.21361499367034792,90.8
0,0,0,1.6084834273893616,1,1,1.2068863246171952,2.1772316677837926,False,False,True,True,False,False,True,False,True,False,True,False,False,False,True,False,False,False,True,False,False,False,0,0,0.04861165573963763,101.3
1,1,0,1.0386031396490458,1,1,1.090743965503646,1.3863372311965565,False,False,True,True,False,False,False,False,True,False,False,False,False,False,True,False,True,True,False,False,False,False,0,0,0.24387439568510086,97.8
0,0,0,-0.38609757970174374,1,1,0.2926800407376848,-0.2381457686831999,False,False,True,False,False,False,False,False,False,False,False,False,True,False,True,False,True,True,False,False,False,True,0,0,0.21433227988248799,73.75
1,0,0,-0.30468611002455576,1,1,0.8153206567486573,-0.04527625796061679,True,False,True,True,False,False,False,False,True,False,False,False,False,False,True,False,False,False,False,False,True,False,1,1,0.6528838624848269,89.5
0,1,1,-0.019745966154397852,1,1,-1.5091857020810966,-0.7129369279992526,True,False,False,False,True,True,False,True,False,True,False,True,False,True,False,True,False,False,False,True,False,False,0,0,0.05785118620764402,19.45
0,0,0,1.4863662228735797,1,0,1.296481858790505,2.0751036308808666,False,False,True,True,False,False,False,False,False,False,True,False,True,False,True,False,True,False,True,False,True,False,0,0,0.08472361310823494,104.0
0,1,1,1.6084834273893616,1,1,1.478991280254654,2.4377184953129962,False,False,False,True,False,False,True,False,True,False,True,False,True,False,True,False,True,False,True,True,False,False,0,0,0.029992404826097583,109.5
0,0,0,0.7129572609402939,0,1,-0.9799083798350643,-0.24152444058074024,True,True,False,False,False,False,True,False,False,False,False,False,True,False,False,False,False,True,False,False,False,True,0,0,0.036414458597410056,35.4
0,1,1,-0.1825689055087738,1,0,1.3661672742586346,0.24048479051642152,True,False,True,True,False,False,True,False,True,False,False,False,False,False,True,False,True,True,False,False,True,False,1,0,0.26619141356555087,106.1
0,1,0,-0.9152721326034655,1,0,-1.4876164068171518,-0.9280091397628154,False,False,False,False,True,True,False,True,False,True,False,True,False,True,False,True,False,True,False,False,False,True,0,0,0.07327840242155595,20.1
0,1,1,1.0386031396490458,1,1,0.9878750188602166,1.373853696717982,True,False,True,True,False,False,False,False,True,False,False,False,True,False,True,False,False,True,False,True,False,False,0,0,0.10551430032634254,94.7
1,1,0,-1.0373893371192475,1,1,0.34743286717692967,-0.7750255089735342,True,False,True,True,False,False,False,False,False,False,False,False,False,False,False,False,False,False,False,False,True,False,0,1,0.7554962937299535,75.4
0,0,1,-1.1595065416350294,1,0,-0.5169981199396313,-0.9125418430890102,True,False,False,False,False,False,True,False,False,False,False,False,False,False,False,False,False,False,False,False,True,False,1,0,0.2592505153388885,49.35
0,1,1,0.06166550352279012,1,1,-0.1370466879824483,-0.11289357476723735,False,False,False,False,False,False,True,False,True,False,True,False,False,False,False,False,False,True,False,False,False,True,0,0,0.04649885440271486,60.8
0,1,1,1.5270719577121736,1,1,1.6664782313950985,2.6110838546270503,False,False,True,True,False,False,True,False,True,False,True,False,True,False,True,False,True,False,True,True,False,False,0,0,0.04705074485353152,115.15
1,1,1,1.5677776925507676,1,1,0.26447403923868007,1.246297862871878,True,False,True,False,False,False,False,False,True,False,True,False,True,False,False,False,True,True,False,False,False,False,0,0,0.028949877146030062,72.9
0,0,0,-0.4675090493789317,1,0,1.2915043291142099,-0.03700509364001465,True,False,True,True,False,False,True,False,False,False,True,False,False,False,True,False,True,False,False,False,False,True,0,1,0.4843897767889038,103.85
0,0,0,0.9571916699718578,1,1,-0.1552976301288631,0.4315113892948916,False,False,False,False,False,False,True,False,False,False,True,False,True,False,False,False,False,True,False,True,False,False,0,0,0.018820123312741955,60.25
0,0,1,1.5677776925507676,1,1,0.39720816393987946,1.4143758200605605,True,False,False,False,False,False,True,False,True,False,True,False,True,False,True,False,False,False,True,True,False,False,0,0,0.006585762582055829,76.9
0,1,1,-0.7524491932490895,1,1,0.7406577116042327,-0.4566624706280215,False,False,True,True,False,False,False,False,False,False,True,False,False,False,False,False,True,False,False,False,True,False,1,1,0.6826625158259055,87.25
0,1,1,0.346605647392948,1,0,-1.5075265255223318,-0.6586807227874509,True,False,False,False,True,True,False,True,False,True,False,True,False,True,False,True,False,True,False,False,False,False,0,0,0.013924455768982727,19.5
0,0,0,-1.2002122764736234,1,0,0.31424933600162985,-0.9142311790377804,False,False,True,True,False,False,False,False,False,False,False,False,False,False,False,False,False,False,False,False,False,False,1,1,0.5786496730319166,74.4
0,1,1,1.0386031396490458,1,0,-1.4743429943470319,-0.4861490617338287,False,False,False,False,True,True,False,True,False,True,False,True,False,True,False,True,False,False,True,True,False,False,0,0,0.0032500408735203533,20.5
0,1,1,1.6084834273893616,0,0,0.025552614776521126,0.9986894795235592,False,True,False,False,False,False,True,False,True,False,True,False,True,False,True,False,True,False,True,False,False,False,0,0,0.007842698632617244,65.7
0,0,0,-0.7931549280876836,1,0,0.8120023036311275,-0.5120595260909406,False,False,True,True,False,False,False,False,True,False,True,False,True,False,False,False,False,False,False,False,True,False,1,1,0.4544805050357719,89.4
0,1,1,0.428017117070136,1,1,0.47187110908430413,0.5560615215178586,True,False,False,False,False,False,True,False,False,False,True,False,True,False,True,False,True,False,True,True,False,False,0,0,0.02709229972503683,79.15
0,0,0,0.346605647392948,0,1,-0.45063105758903166,-0.09839161292130093,True,True,False,False,False,False,False,False,False,False,True,False,False,False,True,False,True,True,False,False,True,False,0,0,0.2233806730527942,51.35
0,0,0,-1.2409180113122174,1,0,0.16824179883031035,-0.9417651610599442,False,False,False,True,False,False,False,False,False,False,False,False,False,False,False,False,False,False,False,False,False,False,1,1,0.5150805727434715,70.0
0,0,0,-1.2816237461508113,1,0,-1.480979700582092,-1.000014342150657,False,False,False,False,True,True,False,True,False,True,False,True,False,True,False,True,False,False,False,True,False,False,0,0,0.17376960682075918,20.3
0,0,0,-1.1595065416350294,1,1,0.49675875746577897,-0.8666226204815293,True,False,False,True,False,False,False,False,False,False,False,False,False,False,False,False,True,False,False,False,True,False,1,1,0.7320526058524551,79.9
0,0,0,-1.2816237461508113,1,1,-1.4942531130522119,-1.000189857573906,True,False,False,False,True,True,False,True,False,True,False,True,False,True,False,True,False,False,False,False,False,True,0,0,0.25816730589928133,19.9
0,1,0,1.6084834273893616,1,1,1.6316355236610331,2.5392980465182697,True,False,True,True,False,False,True,False,True,False,True,False,True,False,True,False,True,False,True,True,False,False,0,0,0.05287804588877699,114.1
0,1,1,1.4863662228735797,1,1,-0.025881858545193533,0.8577286552268244,False,False,True,False,False,False,True,False,False,False,True,False,True,False,False,False,False,False,True,True,False,False,0,0,0.007196323098705823,64.15
0,1,1,-0.22327464034736777,0,1,-0.6331404790531808,-0.46201569103711143,True,True,False,False,False,False,False,False,True,False,True,False,False,False,False,False,True,True,False,True,False,False,0,0,0.1513651836726242,45.85
0,0,1,-0.7524491932490895,1,1,-0.17023021915774814,-0.6469870077134962,False,False,False,False,False,False,False,False,False,False,True,False,False,False,True,False,False,False,False,True,False,False,0,0,0.2919089946101684,59.8
0,0,0,-0.5489205190561197,1,1,-0.6613464805521857,-0.6289966768304888,True,False,False,False,False,False,False,False,False,False,False,False,False,False,False,False,False,False,False,False,False,False,0,0,0.26047791950130145,45.0
0,1,0,-0.5896262538947137,1,1,1.0293544328293414,-0.24301632167835552,False,False,False,True,False,False,False,False,False,False,True,False,False,False,True,False,True,False,False,True,False,False,0,1,0.590313246642167,95.95
0,1,1,-1.1188008067964355,1,1,0.8435266582476619,-0.8182681213764703,True,False,False,True,False,False,True,False,False,False,True,False,False,False,False,False,True,False,False,False,False,True,0,1,0.496632602263223,90.35
0,1,1,-0.1825689055087738,1,0,1.1753619700006603,0.21924742430331032,True,False,False,True,False,False,False,False,True,False,True,False,False,False,True,False,True,True,False,False,False,False,0,0,0.21275455737388785,100.35
0,0,0,-0.10115743583158582,1,0,0.32254521879545484,0.004065515400216849,False,False,False,False,False,False,True,False,True,False,True,False,True,False,True,False,False,True,False,True,False,False,0,0,0.04046505507511695,74.65
1,0,0,1.5677776925507676,1,0,1.29814103534927,2.244059165185794,False,False,True,True,False,False,False,False,False,False,True,False,False,False,True,False,True,False,True,False,False,False,0,0,0.08791293261065346,104.05
0,0,0,-1.2816237461508113,1,1,-0.364353876533252,-0.9852491071698476,True,False,False,False,False,False,True,False,False,False,False,False,True,False,False,False,False,False,False,False,True,False,1,0,0.3307987932471415,53.95
0,1,1,1.5677776925507676,1,1,1.0708338467984662,2.023238823310831,True,False,True,True,False,False,True,False,False,False,False,False,False,False,True,False,True,False,True,False,True,False,0,0,0.09139271320465503,97.2
0,1,1,-0.019745966154397852,1,0,-0.08229386154320337,-0.1113578148138099,False,False,True,False,False,False,False,False,True,False,True,False,False,False,False,False,False,False,False,False,False,False,0,0,0.11872741385184546,62.45
1,0,0,1.5270719577121736,1,1,0.3507512202944595,1.2783294276147936,False,False,True,False,False,False,False,False,True,False,True,False,True,False,True,False,False,False,True,False,False,False,0,0,0.019272692687117763,75.5
0,0,0,-1.2816237461508113,1,1,-0.3212152860053623,-0.9846786820442888,True,False,False,False,False,False,False,False,False,False,False,False,False,False,False,False,True,False,False,False,True,False,0,1,0.5737566523495367,55.25
0,1,1,-1.2816237461508113,1,1,0.2014253300056102,-0.9777677622538652,True,False,False,True,False,False,False,False,False,False,False,False,False,False,False,False,False,False,False,False,True,False,1,1,0.6593361157761778,71.0
1,0,0,-1.1595065416350294,1,0,-0.5369082386448113,-0.9300056277022711,False,False,True,False,False,False,False,False,False,False,False,False,False,False,False,False,False,False,False,False,False,True,0,1,0.4265147327308049,48.75
1,1,0,0.428017117070136,1,1,0.9746016063900964,0.7256752386599687,True,False,True,True,False,False,False,False,True,False,False,False,True,False,True,False,False,False,False,False,True,False,0,1,0.441813277221774,94.3
0,1,0,1.6084834273893616,1,0,0.9082345440394968,1.9396934818443765,True,False,True,False,False,False,True,False,True,False,True,False,True,False,True,False,True,False,True,True,False,False,0,0,0.011899267972154941,92.3
1,1,1,1.6084834273893616,1,1,1.6598415251600385,2.587564787911704,True,False,True,True,False,False,True,False,True,False,True,False,True,False,True,False,True,False,True,False,False,False,0,0,0.05065953013835727,114.95
1,1,0,-1.1595065416350294,1,1,0.31424933600162985,-0.8743891779602909,True,False,True,True,False,False,False,False,False,False,False,False,False,False,False,False,False,False,False,False,False,True,1,1,0.717843795719754,74.4
0,0,0,-0.3453918448631497,1,0,-1.3382905165283026,-0.7433449750771163,False,False,True,False,True,True,False,True,False,True,False,True,False,True,False,True,False,True,False,False,False,False,0,0,0.0488715226823369,24.6
1,1,0,-1.2816237461508113,1,1,1.0011484313303363,-0.9671929580031219,True,False,True,True,False,False,False,False,False,False,False,False,False,False,True,False,True,False,False,False,True,False,1,1,0.8553039491367165,95.1
0,0,0,-1.2816237461508113,1,0,-1.5290958207862766,-1.0006505855599344,False,False,False,False,True,True,False,True,False,True,False,True,False,True,False,True,False,False,False,False,True,False,0,0,0.24540166727982274,18.85
1,0,0,-0.7524491932490895,1,1,1.0177401969179862,-0.4502122788236262,True,False,True,True,False,False,False,False,False,False,False,False,False,False,True,False,True,False,False,False,True,False,0,1,0.7948570010038275,95.6
1,1,0,0.14307697319997809,1,1,0.6361295884020379,0.3169217573412968,True,False,True,True,False,False,False,False,False,False,False,False,False,False,False,False,True,False,False,False,True,False,1,1,0.6127668454952119,84.1
0,1,1,0.30589991255435406,1,1,0.5398973479936687,0.435701820024958,True,False,True,True,False,False,False,False,False,False,True,False,False,False,False,False,False,False,False,False,True,False,0,1,0.4127652715515698,81.2
1,0,0,1.4049547531963917,1,1,1.3313245665245697,2.1379381524039562,True,False,False,True,False,False,True,False,True,False,False,False,True,False,True,False,True,False,True,False,True,False,0,0,0.07198186234706898,105.05
0,1,1,1.4863662228735797,1,1,0.903257014363202,1.834823016453187,True,False,False,True,False,False,False,False,True,False,False,False,True,False,True,False,False,False,True,False,False,True,0,0,0.03535580674151834,92.15
0,0,0,-1.2816237461508113,1,0,-1.4710246412295018,-0.9998827055832207,True,False,False,False,True,True,False,True,False,True,False,True,False,True,False,True,False,False,False,False,False,True,0,0,0.19148225361801294,20.6
0,0,1,-0.9152721326034655,0,0,-0.8189682536348599,-0.8283821976411854,False,True,False,False,False,False,True,False,True,False,False,False,True,False,False,False,False,True,False,False,False,True,0,0,0.08871216890472888,40.25
0,1,1,0.9164859351332638,1,0,-0.24489316430217278,0.32780371358272575,True,False,False,False,False,False,True,False,True,False,False,False,True,False,False,False,False,False,True,False,False,False,1,0,0.005430109835753414,57.55
0,1,1,1.4456604880349857,1,1,1.6001111690444987,2.4382011627269304,True,False,True,True,False,False,True,False,True,False,True,False,True,False,True,False,True,False,True,False,True,False,1,0,0.07364152499166657,113.15
1,1,1,1.3642490183577978,1,1,1.1471559685016557,1.9845596119123645,True,False,True,True,False,False,False,False,False,False,True,False,False,False,True,False,True,False,False,True,False,False,1,0,0.3392401198662076,99.5
0,0,0,-1.0373893371192475,1,1,0.16492344571278056,-0.7907121999264004,False,False,False,True,False,False,False,False,False,False,False,False,False,False,False,False,False,False,False,False,False,True,0,1,0.5846352100558093,69.9
0,1,1,-0.9152721326034655,1,0,-1.4859572302583868,-0.9120372362471698,False,False,False,False,True,True,False,True,False,True,False,True,False,True,False,True,False,False,True,False,False,True,0,0,0.03273351909847126,20.15
0,0,0,-1.2816237461508113,0,0,-1.1873054496806883,-0.9961310634112763,True,True,False,False,False,False,False,False,False,False,False,False,True,False,False,False,False,False,False,False,False,True,0,1,0.3986793110614866,29.15
0,1,1,0.9164859351332638,1,0,-1.5125040551986266,-0.502888845226188,True,False,False,False,True,True,False,True,False,True,False,True,False,True,False,True,False,False,True,False,False,False,0,0,0.0039823114334180355,19.35
0,1,0,0.5094285867473239,1,1,1.4209201006978793,1.1335950217182087,True,False,True,True,False,False,False,False,True,False,True,False,False,False,True,False,True,False,False,False,False,False,0,1,0.4590411744822537,107.75
0,1,0,-0.9152721326034655,1,1,0.0952380302446506,-0.7223270031430661,False,False,False,False,False,False,False,False,False,False,True,False,False,False,True,False,True,False,False,True,False,False,0,1,0.4444247814272935,67.8
0,1,0,1.4863662228735797,1,1,1.6946842328941032,2.5816192029491494,False,False,True,True,False,False,True,False,True,False,True,False,True,False,True,False,True,False,True,False,True,False,0,0,0.08740562955199327,116.0
1,0,0,-1.2816237461508113,1,1,0.667653943018573,-0.9716027830122491,False,False,True,True,False,False,False,False,False,False,False,False,False,False,False,False,True,False,False,False,True,False,1,1,0.8194360156711881,85.05
0,0,0,0.020959768684196134,1,0,-1.3017886322354726,-0.6464385220158435,False,False,True,False,True,True,False,True,False,True,False,True,False,True,False,True,False,False,True,True,False,False,0,0,0.017194778442616153,25.7
0,0,0,0.5094285867473239,1,0,0.5548299370225537,0.5789224053960217,False,False,False,False,False,False,True,False,False,False,True,False,True,False,True,False,True,False,True,False,False,False,0,0,0.020241287287040235,81.65
0,0,0,-1.2816237461508113,1,0,-0.6696423633460107,-0.9892859619045712,False,False,False,False,False,False,False,False,False,False,False,False,False,False,False,False,False,False,False,False,False,True,0,0,0.349442452832938,44.75
0,0,0,-0.06045170099299184,1,1,0.2030845065643751,-0.05756233758803648,True,False,True,False,False,False,False,False,True,False,False,False,True,False,True,False,False,False,False,False,True,False,0,0,0.2642487247090015,71.05
0,1,1,0.7129572609402939,1,1,-1.4793205240233267,-0.5969212332317608,True,False,False,False,True,True,False,True,False,True,False,True,False,True,False,True,False,True,False,False,False,True,0,0,0.014131473179443407,20.35
0,0,0,0.9978974048104517,1,1,0.7506127709568226,1.134494538262359,False,False,True,True,False,False,True,False,True,False,False,False,True,False,False,False,False,False,False,False,False,False,0,0,0.12594090637373148,87.55
0,0,0,-1.2816237461508113,1,1,0.3092718063253347,-0.9763416994399683,True,False,True,True,False,False,False,False,False,False,False,False,False,False,False,False,False,False,False,False,False,True,1,1,0.7038457740116377,74.25
0,0,0,-1.2409180113122174,1,1,0.3607062796470494,-0.9383864891624039,False,False,False,True,False,False,False,False,False,False,True,False,False,False,False,False,False,False,False,False,True,False,1,1,0.6840478222098356,75.8
0,0,0,-1.2002122764736234,1,1,1.3412796258771595,-0.8670833484675574,True,False,True,True,False,False,False,False,True,False,True,False,False,False,True,False,True,False,False,False,False,False,1,1,0.7199186321214717,105.35
1,1,0,1.4049547531963917,1,1,0.9862158423014517,1.6584738949439026,True,False,True,True,False,False,False,False,False,False,False,False,False,False,True,False,True,False,False,True,False,False,0,0,0.3494211710522947,94.65
1,0,0,0.387311382231542,1,1,1.32136950717198,0.8881586417325941,False,False,True,True,False,False,False,False,True,False,True,False,False,False,True,False,True,False,False,False,False,False,1,1,0.502855706407462,104.75
0,1,0,1.5270719577121736,1,1,-1.2918335728828827,-0.12829505315732415,False,False,True,False,True,True,False,True,False,True,False,True,False,True,False,True,False,False,True,False,False,False,0,0,0.0052048292934575085,26.0
0,1,0,1.5677776925507676,1,0,-1.462728758435677,-0.3332970675119841,True,False,False,False,True,True,False,True,False,True,False,True,False,True,False,True,False,True,False,False,True,False,0,0,0.00652700477859247,20.85
0,0,0,-0.9559778674420595,1,1,0.36236545620581423,-0.6909536212373337,True,False,True,True,False,False,False,False,False,False,False,False,False,False,False,False,False,False,False,False,True,False,0,1,0.7095212870457791,75.85
0,1,1,1.6084834273893616,0,0,-0.6530505977583607,0.3687865649113329,True,True,False,False,False,False,True,False,True,False,True,False,True,False,False,False,False,False,True,True,False,False,0,0,0.0036670698503989485,45.25
0,1,1,0.8350744654560759,1,1,1.3379612727596297,1.437894886775907,True,False,True,True,False,False,False,False,True,False,True,False,False,False,True,False,True,True,False,False,True,False,0,0,0.2907469571086224,105.25
1,0,0,-0.5489205190561197,1,1,1.3296653899658049,-0.12816341658988753,False,False,False,True,False,False,True,False,True,False,False,False,True,False,True,False,True,False,False,False,False,True,0,1,0.42234538075703093,105.0
0,0,0,-0.9559778674420595,1,0,0.9779199595076267,-0.6327702584303391,False,False,True,True,False,False,False,False,False,False,False,False,False,False,True,False,True,False,False,False,True,False,1,1,0.7290758851628258,94.4
0,1,1,1.6084834273893616,1,0,1.3462571555534548,2.3309392996939757,True,False,False,True,False,False,True,False,True,False,False,False,True,False,True,False,True,False,True,False,False,False,0,0,0.021109998501061076,105.5
0,1,1,-0.5082147842175256,0,1,-0.8471742551338649,-0.6467456740065289,True,True,False,False,False,False,True,False,False,False,True,False,True,False,False,False,False,False,True,True,False,False,0,0,0.051166648832685124,39.4
0,1,1,0.428017117070136,1,0,-1.4909347599346818,-0.6500146487645388,False,False,False,False,True,True,False,True,False,True,False,True,False,True,False,True,False,True,False,False,False,True,0,0,0.013331446679902525,20.0
0,0,0,0.7129572609402939,1,1,0.4868036981131887,0.7568511657145461,False,False,True,False,False,False,False,False,True,False,False,False,True,False,True,False,True,False,True,False,False,True,0,0,0.0487623476523057,79.6
0,1,0,0.9164859351332638,1,1,0.8252757161012472,1.1672939829819884,False,False,True,True,False,False,True,False,False,False,False,False,False,False,True,False,False,False,False,False,False,False,0,0,0.2570375679029532,89.8
0,1,0,-1.2409180113122174,1,1,0.9712832532725666,-0.9354246663950795,True,False,False,True,False,False,False,False,False,False,False,False,True,False,True,False,True,False,False,False,True,False,1,1,0.7206191022855973,94.2
0,1,1,-0.9559778674420595,1,0,-1.4793205240233267,-0.9250692564233972,False,False,False,False,True,True,False,True,False,True,False,True,False,True,False,True,False,False,True,False,False,True,0,0,0.03406335864030946,20.35
0,0,0,-0.9152721326034655,0,1,-1.029683676598014,-0.8779653047089863,True,True,False,False,False,False,False,False,False,False,False,False,False,False,False,False,True,False,False,False,False,True,1,1,0.540902611191596,33.9
0,0,0,1.5677776925507676,1,0,0.412140752968764,1.4263986265531072,False,False,False,False,False,False,True,False,True,False,True,False,True,False,True,False,False,False,True,True,False,False,0,0,0.005567886068792331,77.35
0,1,0,-0.019745966154397852,1,0,0.6377887649608033,0.12576352199539007,False,False,False,True,False,False,False,False,True,False,False,False,False,False,False,False,True,False,False,False,False,False,1,0,0.30368541409973937,84.15
1,1,0,-1.2002122764736234,1,1,1.359530568023575,-0.8620811589049651,True,False,True,True,False,False,False,False,True,False,True,False,False,False,True,False,True,False,False,False,True,False,1,1,0.8177389154778653,105.9
1,1,0,-0.6710377235719016,1,1,0.3109309828840996,-0.49191913127313475,True,False,False,True,False,False,False,False,True,False,False,False,False,False,False,False,False,False,False,True,False,False,1,1,0.4909706413987581,74.3
0,0,0,-0.30468611002455576,1,0,0.1599459160364854,-0.250102756892028,True,False,False,True,False,False,False,False,False,False,False,False,False,False,False,False,False,False,False,False,True,False,0,1,0.4171547998970557,69.75
0,0,0,0.22448844287716607,1,1,0.18317438785919538,0.13087540869751293,True,False,False,True,False,False,False,False,False,False,False,False,False,False,False,False,False,True,False,False,False,False,1,0,0.1806593124801114,70.45
0,0,0,0.30589991255435406,1,0,-1.4859572302583868,-0.6557627788759388,False,False,False,False,True,True,False,True,False,True,False,True,False,True,False,True,False,False,True,False,False,True,0,0,0.010132430131810444,20.15
0,1,1,1.1607203441648277,1,1,-1.3515639289984223,-0.37478452568243165,False,False,True,False,True,True,False,True,False,True,False,True,False,True,False,True,False,False,True,False,False,True,0,0,0.006437516347529988,24.2
0,1,1,-0.30468611002455576,1,0,-1.4892755833759168,-0.7807078208012158,False,False,False,False,True,True,False,True,False,True,False,True,False,True,False,True,False,True,False,False,False,True,0,0,0.03068384361256212,20.05
0,0,1,0.631545791263106,1,1,1.0144218438004564,1.0217258788249712,False,False,False,True,False,False,False,False,True,False,True,False,True,False,True,False,False,False,True,False,False,True,1,0,0.06167216404870114,95.5
0,0,0,-1.2002122764736234,1,1,0.15330920980142534,-0.9113790534099866,False,False,False,True,False,False,False,False,False,False,False,False,False,False,False,False,False,False,False,False,False,False,1,1,0.600221646555316,69.55
0,0,0,1.2421318138420157,1,0,1.4375118662855293,1.966108553043329,False,False,True,True,False,False,True,False,True,False,True,False,False,False,True,False,True,False,False,True,False,False,0,0,0.19143560974129997,108.25
1,0,0,0.18378270803857208,1,1,0.3756388686759344,0.2379178774514071,False,False,True,True,False,False,False,False,False,False,False,False,False,False,False,False,False,False,False,False,True,False,1,1,0.5179190033610191,76.25
0,0,0,-1.2816237461508113,1,1,-0.5020655309107466,-0.9870700796860543,True,False,False,False,False,False,True,False,False,False,False,False,False,False,False,False,False,False,False,True,False,False,0,0,0.319563121605583,49.8
0,1,1,-0.6303319887333076,1,0,0.5282831120823135,-0.3942447982351483,True,False,False,True,False,False,False,False,False,False,False,False,False,False,True,False,False,False,False,False,True,False,1,1,0.49941938395499663,80.85
0,0,0,-1.2002122764736234,1,1,0.14667250356636527,-0.9249595592838666,True,False,False,False,False,False,False,False,False,False,False,False,True,False,True,False,True,False,False,False,True,False,1,1,0.5209056715174576,69.35
0,1,0,-0.4675090493789317,1,1,0.7008374741938728,-0.210809241512191,False,False,False,True,False,False,False,False,False,False,False,False,True,False,True,False,False,False,False,False,True,False,0,1,0.5225307152401797,86.05
0,1,1,1.4049547531963917,0,0,-0.9550207314535893,0.0592870554398871,False,True,False,False,False,False,True,False,True,False,False,False,False,False,False,False,False,False,True,False,False,False,0,0,0.006031801381811343,36.15
0,1,1,0.06166550352279012,1,1,-1.4876164068171518,-0.7096240743854305,False,False,False,False,True,True,False,True,False,True,False,True,False,True,False,True,False,True,False,False,False,False,0,0,0.02700616276540032,20.1
0,0,0,-0.5896262538947137,1,1,0.8551408941590172,-0.30806672541996155,True,False,True,True,False,False,False,False,False,False,True,False,False,False,False,False,True,False,False,True,False,False,1,1,0.5980289956458136,90.7
0,1,1,1.6084834273893616,1,0,0.7887738318084175,1.8437962424667849,True,False,True,False,False,False,True,False,True,False,True,False,True,False,True,False,True,False,True,True,False,False,0,0,0.009559761438892098,88.7
0,1,1,-0.5896262538947137,1,0,1.0028076078891015,-0.22790005585104806,True,False,False,True,False,False,False,False,False,False,True,False,False,False,True,False,True,False,False,False,False,True,1,1,0.47709591283094327,95.15
0,0,0,-1.2002122764736234,1,0,0.3341594547068096,-0.9171710623771988,True,False,True,True,False,False,False,False,False,False,False,False,False,False,False,False,False,False,False,False,False,True,1,1,0.6007844883988234,75.0
0,0,0,-1.2816237461508113,1,1,-0.4970880012344514,-0.9870042614023361,False,False,True,False,False,False,False,False,False,False,False,False,False,False,False,False,False,False,False,False,False,False,1,1,0.4883056235717477,49.95
0,0,0,-0.9152721326034655,1,1,0.2395863908572052,-0.6604139375920334,True,False,True,False,False,False,False,False,False,False,False,False,False,False,True,False,True,False,False,True,False,False,1,1,0.5172175626314359,72.15
0,0,0,-0.9152721326034655,1,1,-1.461069581876912,-0.90054097602437,False,False,False,False,True,True,False,True,False,True,False,True,False,True,False,True,False,False,False,False,False,True,0,0,0.18251013565688148,20.9
0,1,1,-0.1418631706701798,1,0,-1.4909347599346818,-0.7719539890666793,False,False,False,False,True,True,False,True,False,True,False,True,False,True,False,True,False,True,False,False,True,False,0,0,0.034183168124898466,20.0
1,1,0,0.06166550352279012,1,1,0.9729424298313315,0.40290237530532863,False,False,True,True,False,False,False,False,True,False,True,False,False,False,False,False,True,False,False,False,True,False,1,1,0.5908348093868334,94.25
1,1,0,-1.0373893371192475,1,1,1.2284556198811405,-0.7013967889206405,True,False,True,True,False,False,False,False,False,False,True,False,False,False,True,False,True,False,False,False,True,False,1,1,0.8230475547349371,101.95
0,1,1,1.4863662228735797,1,0,0.7290434756928779,1.7089784579837601,True,False,True,False,False,False,True,False,False,False,True,False,True,False,True,False,True,False,True,False,False,False,0,0,0.011954495065900454,86.9
0,0,0,0.14307697319997809,1,0,-0.3477621109456021,-0.17807561507628,False,False,True,False,False,False,True,False,False,False,False,False,False,False,False,False,False,True,False,False,False,True,0,0,0.05700588690010029,54.45
0,1,0,1.6084834273893616,1,0,0.697519121076343,1.6904615808310057,True,False,True,False,False,False,False,False,True,False,True,False,True,False,True,False,True,False,True,False,False,False,0,0,0.01658661193171388,85.95
0,0,0,0.387311382231542,1,1,-1.469365464670737,-0.5885184323437221,False,False,False,False,True,True,False,True,False,True,False,True,False,True,False,True,False,True,False,False,False,True,0,0,0.025276932450259453,20.65
0,0,0,0.387311382231542,1,1,1.1305642029140057,0.8771889277795407,True,False,True,True,False,False,True,False,True,False,True,False,False,False,False,False,True,True,False,False,True,False,0,0,0.2596389384345786,99.0
0,0,0,1.4049547531963917,0,0,-0.6978483648450156,0.3500941723353299,True,True,False,False,False,False,True,False,False,False,False,False,True,False,True,False,False,False,True,False,True,False,0,0,0.013608033096570136,43.9
1,0,0,-0.4675090493789317,1,1,1.0111034906829266,-0.1203310408274075,False,False,True,True,False,False,False,False,False,False,False,False,False,False,True,False,True,False,False,False,False,False,0,1,0.6813959289708329,95.4
0,0,0,-0.38609757970174374,1,1,0.9480547814498567,0.01852359839034121,False,False,True,True,False,False,False,False,False,False,False,False,False,False,True,False,True,False,False,False,True,False,0,1,0.7321207385406951,93.5
0,0,0,-0.7117434584104956,1,0,0.7058150038701679,-0.4515725233538047,False,False,False,True,False,False,True,False,False,False,False,False,False,False,True,False,False,False,False,False,True,False,1,1,0.4554907821912322,86.2
1,1,0,0.06166550352279012,1,0,-0.024222681986428636,-0.0847014099078903,False,False,False,False,False,False,False,False,False,False,True,False,True,False,True,False,False,True,False,False,False,False,0,0,0.06781450798380333,64.2
1,1,0,-1.0373893371192475,1,1,1.1388600857078308,-0.7169299038781639,True,False,True,True,False,False,False,False,False,False,True,False,False,False,True,False,True,False,False,False,True,False,1,1,0.827887892672508,99.25
0,0,1,-0.9559778674420595,1,0,-1.477661347464562,-0.9281407763302522,True,False,False,False,True,True,False,True,False,True,False,True,False,True,False,True,False,False,False,False,False,True,0,0,0.11555397805560844,20.4
0,1,0,0.06166550352279012,1,0,-1.3349721634107725,-0.6665789168336493,False,False,True,False,True,True,False,True,False,True,False,True,False,True,False,True,False,False,False,False,True,False,0,0,0.08767595157399001,24.7
0,0,0,-1.2816237461508113,0,1,-0.9749308501587693,-0.9933228166392947,True,True,False,False,False,False,False,False,False,False,False,False,False,False,False,False,True,False,False,False,True,False,1,1,0.7003601788248524,35.55
0,0,0,-0.30468611002455576,1,0,1.4590811615494745,0.22365724931243783,False,False,True,True,False,False,False,False,True,False,True,False,True,False,True,False,True,False,True,False,True,False,0,0,0.21823075644567932,108.9
0,1,0,1.6084834273893616,1,1,1.6780924673064532,2.6386178366492143,False,False,True,True,False,False,True,False,True,False,True,False,True,False,True,False,True,False,True,False,False,False,0,0,0.054464526551482796,115.5
0,0,0,-1.2816237461508113,1,0,-1.472683817788267,-0.9999046450111266,True,False,False,False,True,True,False,True,False,True,False,True,False,True,False,True,False,False,False,False,True,False,1,0,0.24439452580772994,20.55
0,1,0,1.1200146093262338,1,1,1.1571110278542456,1.6175568618990137,False,False,True,True,False,False,False,False,True,False,False,False,False,False,True,False,True,False,False,False,True,False,0,1,0.4466765302147587,99.8
0,1,0,0.428017117070136,1,1,0.6411071180783331,0.5440606544532184,True,False,False,True,False,False,True,False,False,False,True,False,True,False,False,False,False,True,False,False,False,False,0,0,0.08656079028164929,84.25
0,0,0,-1.2002122764736234,1,0,-1.4511145225243218,-0.9860828054302795,True,False,False,False,True,True,False,True,False,True,False,True,False,True,False,True,False,True,False,False,False,True,0,0,0.09721020267145032,21.2
1,1,0,1.6084834273893616,1,1,0.6361295884020379,1.6157578288107128,True,False,True,False,False,False,True,False,True,False,True,False,False,False,True,False,True,False,True,True,False,False,0,0,0.02553224914570585,84.1
0,0,0,-1.2409180113122174,1,0,-0.6497322446408307,-0.9696501739286058,True,False,False,False,False,False,False,False,False,False,False,False,False,False,False,False,False,False,False,False,True,False,1,1,0.4157603413666203,45.35
0,0,0,-0.9152721326034655,1,1,1.127245849796476,-0.5416338749083722,True,False,False,True,False,False,True,False,False,False,True,False,False,False,True,False,True,True,False,False,True,False,0,1,0.4875921816404018,98.9
0,0,0,-1.0373893371192475,1,1,1.0990398482974708,-0.6960655079394565,True,False,True,True,False,False,False,False,False,False,True,False,False,False,True,False,True,False,False,False,False,False,1,1,0.7383481449865485,98.05
0,1,0,0.020959768684196134,1,1,-0.4473127044715016,-0.2371365549995189,False,False,False,False,False,False,False,False,False,False,False,False,True,False,False,False,False,True,False,False,False,True,0,0,0.07226366588207772,51.45
0,0,0,-0.06045170099299184,1,1,0.5382381714349038,0.14972137726885862,True,False,True,True,False,False,False,False,True,False,False,False,False,False,False,False,False,False,False,False,True,False,0,1,0.5085335222927755,81.15
1,0,0,0.22448844287716607,1,0,0.9895341954189815,0.5939728529396109,True,False,True,True,False,False,False,False,False,False,False,False,False,False,True,False,True,False,False,False,True,False,0,1,0.5784340553887327,94.75
0,0,0,-0.3453918448631497,1,1,0.6444254711958629,-0.15852758481193907,False,False,True,True,False,False,True,False,False,False,False,False,True,False,False,False,False,False,False,False,True,False,0,1,0.40275836216318056,84.35
0,0,0,-0.1825689055087738,1,1,-0.1785261019515731,-0.28647832836035264,False,False,False,False,False,False,False,False,False,False,True,False,False,False,True,False,False,False,False,False,False,False,0,0,0.2384776432017369,59.55
0,1,1,1.6084834273893616,0,0,-0.8770394331916347,0.20345103621091357,True,True,False,False,False,False,True,False,True,False,True,False,False,False,False,False,False,False,True,True,False,False,0,0,0.005025458022423098,38.5
0,1,0,-0.5082147842175256,1,0,-1.5158224083161567,-0.8442663434452066,False,False,False,False,True,True,False,True,False,True,False,True,False,True,False,True,False,False,False,False,False,False,0,0,0.0839564806401713,19.25
0,0,0,1.1200146093262338,1,0,0.46689357940800896,1.0977459965196306,True,False,False,False,False,False,True,False,False,False,True,False,True,False,True,False,True,True,False,False,False,True,0,0,0.02659603932890633,79.0
1,0,0,-1.1595065416350294,1,1,0.8053655973960674,-0.8570131510586545,False,False,True,True,False,False,False,False,False,False,True,False,False,False,True,False,False,False,False,False,True,False,1,1,0.8005908506419048,89.2
0,1,0,0.5501343215859179,1,0,-0.3295111687991873,0.0766192034857113,False,False,True,False,False,False,True,False,False,False,False,False,False,False,False,False,False,False,False,False,False,False,0,0,0.07125960023503478,55.0
0,1,1,1.6084834273893616,1,0,0.5763992322864984,1.542699533883378,True,False,True,False,False,False,True,False,True,False,True,False,True,False,True,False,False,False,True,False,False,False,0,0,0.006351778240213653,82.3
1,0,0,0.346605647392948,1,1,1.6017703456032637,1.0487771934332004,False,False,True,True,False,False,True,False,True,False,True,False,False,False,True,False,True,False,False,False,True,False,1,1,0.5150426264290927,113.2
1,1,0,1.3235432835192036,1,1,1.1886353824707805,1.91983829958935,True,False,True,True,False,False,True,False,False,False,False,False,False,False,True,False,True,True,False,False,True,False,0,0,0.2506807020943728,100.75
0,1,1,0.428017117070136,0,0,-1.1823279200043932,-0.47182261531114117,True,True,False,False,False,False,False,False,True,False,False,False,False,False,False,False,False,False,False,True,False,False,0,0,0.0840668759426066,29.3
0,0,1,-0.4675090493789317,1,0,-0.0026533867224840216,-0.4223492053828708,False,False,False,False,False,False,True,False,False,False,True,False,False,False,False,False,True,True,False,False,False,True,0,0,0.07516173575754485,64.85
0,1,1,0.8757802002946699,1,0,-1.477661347464562,-0.5303789483925396,True,False,False,False,True,True,False,True,False,True,False,True,False,True,False,True,False,False,True,True,False,False,0,0,0.003980095740572562,20.4
1,1,0,1.1607203441648277,1,1,1.309755271260625,1.8015189648917174,False,False,True,True,False,False,False,False,True,False,True,False,False,False,True,False,True,True,False,True,False,False,1,0,0.23939808560420062,104.4
0,0,0,-0.5082147842175256,0,1,-0.3295111687991873,-0.49749174596128587,True,True,False,False,False,False,True,False,True,False,True,False,True,False,True,False,False,False,False,True,False,False,0,0,0.21672819033985075,55.0
0,0,0,1.4863662228735797,1,1,1.336302096200865,2.231992479837435,True,False,True,True,False,False,False,False,True,False,False,False,True,False,True,False,True,True,False,False,False,False,0,0,0.1404430298691561,105.2
1,0,0,-1.2816237461508113,1,0,-0.6547097743171256,-0.9890885070534162,True,False,False,False,False,False,False,False,False,False,False,False,False,False,False,False,False,False,False,False,True,False,0,1,0.46280500802239777,45.2
1,1,0,0.020959768684196134,1,1,0.9497139580086216,0.3317966894616371,True,False,False,True,False,False,True,False,True,False,False,False,True,False,False,False,True,True,False,False,True,False,0,0,0.21171260201689424,93.55
0,0,1,-0.5489205190561197,1,0,-1.462728758435677,-0.80378809895844,True,False,False,False,True,True,False,True,False,True,False,True,False,True,False,True,False,False,True,True,False,False,0,0,0.019744818325087905,20.85
0,0,0,-1.2409180113122174,1,0,0.46689357940800896,-0.9458897735062922,True,False,False,True,False,False,False,False,False,False,False,False,False,False,True,False,False,False,False,False,True,False,1,1,0.6697210348747158,79.0
0,1,1,-0.7931549280876836,1,1,-0.05906538972049361,-0.6505192556063794,False,False,False,False,False,False,True,False,False,False,True,False,False,False,False,False,True,False,False,False,False,True,0,0,0.24705233101301835,63.15
0,0,0,-1.2816237461508113,1,1,-0.634799655611946,-0.9888252339185428,True,False,False,False,False,False,False,False,False,False,False,False,False,False,False,False,False,False,False,False,False,True,0,1,0.43959448520583044,45.8
0,1,1,0.9164859351332638,1,0,-0.3062826969764773,0.36527625644635586,False,False,False,False,False,False,True,False,True,False,False,False,False,False,False,False,False,False,False,False,True,False,0,0,0.04005671237216836,55.7
0,0,0,-0.4268033145403377,1,1,1.0011484313303363,-0.05999761408561439,True,False,True,True,False,False,False,False,False,False,False,False,False,False,True,False,True,False,False,False,True,False,0,1,0.7331861308530635,95.1
1,1,0,-0.22327464034736777,1,1,0.3507512202944595,-0.17787816022512504,True,False,True,True,False,False,False,False,False,False,False,False,False,False,False,False,False,False,False,False,True,False,1,1,0.6030775638194584,75.5
1,1,0,-0.7931549280876836,1,1,0.8003880677197722,-0.4958243494404218,True,False,False,True,False,False,False,False,True,False,False,False,True,False,False,False,True,False,False,False,False,False,1,1,0.49547694549215293,89.05
0,1,1,-0.2639803751859618,1,0,-0.48381458876433153,-0.4447274218470995,True,False,False,False,False,False,False,False,False,False,True,False,False,False,False,False,False,True,False,False,False,True,0,0,0.07347290475205143,50.35
0,1,1,0.1023712383613841,1,0,-1.4876164068171518,-0.7213836077431036,True,False,False,False,True,True,False,True,False,True,False,True,False,True,False,True,False,False,True,False,False,True,0,0,0.010524036740100263,20.1
1,0,0,0.9571916699718578,1,0,1.32136950717198,1.5541957941061781,False,False,True,True,False,False,False,False,True,False,True,False,False,False,True,False,True,False,False,False,True,False,0,1,0.4170444379713674,104.75
0,0,0,-1.2816237461508113,1,1,1.0127626672416914,-0.9670393820077792,True,False,True,True,False,False,False,False,False,False,False,False,False,False,True,False,True,False,False,False,True,False,1,1,0.8322056631846998,95.45
1,1,0,-1.2816237461508113,1,0,0.3109309828840996,-0.9763197600120621,True,False,True,True,False,False,False,False,False,False,False,False,False,False,False,False,False,False,False,False,True,False,0,1,0.7254686541894422,74.3
0,0,0,-0.38609757970174374,1,1,0.8518225410414869,-0.15626782373761006,True,False,True,True,False,False,False,False,False,False,False,False,True,False,True,False,False,False,False,False,True,False,1,1,0.5759279527422911,90.6
0,0,0,-1.0373893371192475,1,0,0.3490920437356946,-0.7979741505633217,False,False,True,True,False,False,False,False,False,False,False,False,False,False,False,False,False,False,False,False,False,True,1,1,0.5595932072340114,75.45
0,1,0,-0.4268033145403377,1,1,1.3163919774956847,-0.05212135946732201,True,False,False,True,False,False,True,False,True,False,False,False,True,False,True,False,True,False,False,False,True,False,0,1,0.4465455298844532,104.6
0,1,0,0.9571916699718578,1,0,-0.180185278510338,0.4782423707348986,True,False,True,False,False,False,False,False,True,False,True,False,False,False,False,False,False,False,True,True,False,False,0,0,0.01863809432510838,59.5
0,1,0,1.5677776925507676,1,1,0.5846951150803233,1.5503783336505153,True,False,False,False,False,False,True,False,False,False,True,False,True,False,True,False,True,False,True,False,True,False,0,0,0.01980942475967699,82.55
0,1,1,1.0793088744876398,1,0,-1.4959122896109767,-0.4875312456919135,True,False,False,False,True,True,False,True,False,True,False,True,False,True,False,True,False,False,True,False,False,True,0,0,0.0035249365050321405,19.85
0,0,0,-0.5896262538947137,1,1,1.0326727859468712,-0.24512250675734173,False,False,False,True,False,False,True,False,False,False,False,False,False,False,True,False,True,False,False,False,True,False,1,1,0.5919088671200543,96.05
0,1,0,1.1200146093262338,1,1,-0.11879574583603324,0.6436437177190361,True,False,False,False,False,False,True,False,True,False,False,False,True,False,False,False,False,False,True,False,False,True,0,0,0.009231424119342,61.35
0,0,0,-0.9966836022806536,1,0,-0.6795974226986006,-0.8468771353660333,False,False,False,False,False,False,False,False,False,False,False,False,False,False,False,False,False,False,False,False,False,True,0,0,0.2890721620467863,44.45
0,0,0,-1.2816237461508113,1,1,-1.4992306427285067,-1.0002556758576244,True,False,False,False,True,True,False,True,False,True,False,True,False,True,False,True,False,False,False,True,False,False,0,0,0.23938347256423284,19.75
1,1,0,-1.2816237461508113,1,1,0.18317438785919538,-0.9780090959608324,False,False,False,True,False,False,False,False,False,False,False,False,False,False,False,False,False,False,False,False,False,True,1,1,0.6707646390243343,70.45
0,1,1,-0.1825689055087738,1,1,0.5946501744329131,0.009418735809306977,False,False,False,True,False,False,True,False,False,False,False,False,False,False,False,False,True,True,False,False,False,False,0,0,0.18895582756107424,82.85
0,0,0,-0.5896262538947137,1,0,0.30595345320780487,-0.40032201976513976,True,False,True,True,False,False,False,False,False,False,False,False,False,False,False,False,False,False,False,False,False,True,0,1,0.4817792507983063,74.15
0,0,0,-0.3453918448631497,1,1,0.8435266582476619,-0.026693562524144548,True,False,False,True,False,False,False,False,False,False,False,False,False,False,True,False,True,False,False,False,True,False,1,1,0.654293439952149,90.35
0,1,1,1.4456604880349857,0,0,-0.1536384535700982,0.794060435443303,False,True,False,False,False,False,False,False,True,False,True,False,True,False,True,False,True,False,True,True,False,False,0,0,0.012972863103729049,60.3
0,1,1,1.5677776925507676,1,1,1.3180511540544502,2.1891447771368084,True,False,False,True,False,False,True,False,True,False,True,False,False,False,True,False,True,True,False,False,False,False,0,0,0.07511486919539635,104.65
0,1,1,1.2828375486806096,1,1,-1.5008898192872717,-0.4498831874050346,True,False,False,False,True,True,False,True,False,True,False,True,False,True,False,True,False,False,True,False,False,False,0,0,0.0037371779642160893,19.7
0,1,0,1.6084834273893616,1,1,1.520470694223779,2.3924355161147925,False,False,True,True,False,False,True,False,True,False,True,False,False,False,True,False,True,False,True,False,True,False,0,0,0.09809542868485037,110.75
1,0,0,1.4863662228735797,1,0,1.503878928636129,2.267753747324389,False,False,True,True,False,False,True,False,False,False,True,False,True,False,True,False,True,False,True,True,False,False,0,0,0.04788499590864611,110.25
0,0,0,1.4049547531963917,0,1,-0.38260481867966706,0.5615683179222914,False,True,False,False,False,False,False,False,False,False,True,False,True,False,True,False,True,False,False,True,False,False,0,0,0.09033085633558337,53.4
1,0,0,-0.5082147842175256,1,0,0.5233055824060188,-0.3006292593597914,False,False,False,True,False,False,False,False,False,False,False,False,False,False,True,False,False,False,False,False,False,False,0,1,0.45877216124234915,80.7
0,1,1,-0.30468611002455576,1,1,-1.5340733504625714,-0.8405805195569807,False,False,False,False,True,True,False,True,False,True,False,True,False,True,False,True,False,False,True,False,False,True,0,0,0.02367711334483985,18.7
0,0,0,0.7129572609402939,1,1,0.8219573629837174,0.8798435985561797,False,False,False,True,False,False,False,False,False,False,True,False,True,False,False,False,True,False,True,False,False,False,0,0,0.07095928787096105,89.7
0,1,1,-1.0780950719578415,1,1,-0.5302715324097512,-0.889022776373664,False,False,True,False,False,False,False,False,False,False,False,False,False,False,False,False,False,False,False,True,False,False,0,1,0.3868463058102714,48.95
0,0,1,-1.2409180113122174,1,1,-1.5042081724048018,-0.9931911800718581,False,False,False,False,True,True,False,True,False,True,False,True,False,True,False,True,False,False,False,False,True,False,1,0,0.2622486866631695,19.6
0,0,0,-0.5896262538947137,1,0,-1.4876164068171518,-0.8303128672969228,False,False,False,False,True,True,False,True,False,True,False,True,False,True,False,True,False,True,False,False,False,True,0,0,0.05129824001473085,20.1
1,0,0,-1.2409180113122174,1,1,-0.2780766954774726,-0.9570350028825945,False,False,True,False,False,False,False,False,True,False,False,False,False,False,False,False,False,False,False,True,False,False,0,1,0.4620391027198648,56.55
0,0,0,-1.2002122764736234,0,1,-0.82228660675239,-0.9515501459060678,True,True,False,False,False,False,False,False,False,False,True,False,False,False,True,False,False,False,False,False,False,True,1,1,0.6038038146307113,40.15
0,0,1,-0.9559778674420595,1,1,0.14833168012513065,-0.7581760283416443,False,False,False,False,False,False,False,False,False,False,False,False,True,False,True,False,True,False,False,True,False,False,0,0,0.3107255255256306,69.4
0,0,0,-1.2816237461508113,1,1,0.16492344571278056,-0.9782504296677995,True,False,False,True,False,False,False,False,False,False,False,False,False,False,False,False,False,False,False,False,True,False,1,1,0.7070861996306319,69.9
0,0,0,1.5270719577121736,1,1,1.6167029346321486,2.474730310190598,False,False,True,True,False,False,True,False,True,False,True,False,True,False,True,False,True,False,True,False,False,False,0,0,0.055622081253049696,113.65
0,0,0,0.5501343215859179,1,0,1.0326727859468712,0.9215285115777823,False,False,True,True,False,False,False,False,False,False,False,False,False,False,True,False,True,False,False,False,False,False,1,1,0.37720140076349234,96.05
0,0,0,-0.7117434584104956,1,1,-0.5352490620860464,-0.6929501091767895,False,False,True,False,False,False,False,False,False,False,False,False,False,False,False,False,False,False,False,False,False,True,0,1,0.3755829788024682,48.8
0,0,0,0.8350744654560759,1,0,-1.4959122896109767,-0.548369279275547,False,False,False,False,True,True,False,True,False,True,False,True,False,True,False,True,False,False,True,True,False,False,0,0,0.0050235486258332525,19.85
0,0,0,-1.2816237461508113,1,1,-0.3162377563290674,-0.9846128637605704,False,False,False,False,False,False,False,False,False,False,False,False,False,False,False,False,True,False,False,False,True,False,1,1,0.5681804253471788,55.4
0,0,0,-0.1418631706701798,1,0,-1.5125040551986266,-0.7449465533142621,False,False,False,False,True,True,False,True,False,True,False,True,False,True,False,True,False,False,False,True,False,False,0,0,0.05506259104283386,19.35
0,0,0,-1.2816237461508113,1,1,0.40550404673370444,-0.975069212621414,False,False,True,True,False,False,False,False,False,False,False,False,False,False,False,False,False,False,False,False,True,False,1,1,0.7524814471737981,77.15
0,0,0,1.4863662228735797,0,1,-0.16193433636392318,0.8237664208281712,True,True,False,False,False,False,True,False,True,False,False,False,True,False,True,False,True,False,True,False,False,False,0,0,0.01589253004590775,60.05
1,1,0,1.2421318138420157,0,0,-0.9566799080123543,-0.00019073361356774924,True,True,False,False,False,False,True,False,False,False,False,False,True,False,False,False,False,True,False,False,False,False,0,0,0.016137452920233122,36.1
1,0,0,0.7536629957788878,1,0,-1.3250171040581826,-0.455741014655965,True,False,True,False,True,True,False,True,False,True,False,True,False,True,False,True,False,True,False,False,False,False,0,0,0.017359125961756153,25.0
0,1,0,1.2828375486806096,1,1,0.2860433345026247,1.0814669410132993,True,False,False,True,False,False,True,False,False,False,False,False,False,False,False,False,False,False,False,False,False,True,0,0,0.12456940388858324,73.55
0,1,1,0.7943687306174818,1,1,0.634470411843273,0.8896285834023033,False,False,False,True,False,False,True,False,False,False,True,False,True,False,False,False,False,False,False,False,False,False,0,0,0.10024902946241047,84.05
0,1,1,1.5270719577121736,0,0,-0.180185278510338,0.8097690658240754,True,True,False,False,False,False,True,False,False,False,True,False,True,False,True,False,True,False,True,False,False,False,0,0,0.009694656431613565,59.5
0,1,1,-0.9559778674420595,1,0,-0.33614787503424737,-0.8102382907628353,True,False,False,False,False,False,False,False,True,False,False,False,True,False,False,False,False,False,False,False,False,True,0,0,0.15846929653141376,54.8
0,0,0,-1.2002122764736234,1,0,0.6245153524906832,-0.9004312788848394,False,False,False,True,False,False,False,False,True,False,False,False,False,False,True,False,False,False,False,False,True,False,1,1,0.6203342211152566,83.75
0,1,0,1.5270719577121736,1,1,0.3275227484717495,1.3235904673850916,True,False,True,False,False,False,True,False,False,False,True,False,True,False,False,False,True,False,True,True,False,False,0,0,0.013693238649789307,74.8
0,0,0,-0.4675090493789317,1,1,0.6361295884020379,-0.24654856957123866,True,False,True,True,False,False,False,False,False,False,False,False,False,False,False,False,True,False,False,False,True,False,0,1,0.6811401775425079,84.1
1,0,0,-1.1188008067964355,1,1,0.3524103968532244,-0.8554993305331331,False,False,False,True,False,False,False,False,False,False,True,False,False,False,False,False,False,False,False,True,False,False,1,1,0.5988565916761311,75.55
0,0,0,-0.5082147842175256,1,1,1.4358526897267645,-0.04196340434679482,True,False,False,True,False,False,True,False,True,False,True,False,True,False,True,False,True,False,False,False,False,False,0,1,0.3671268693340259,108.2
1,1,0,1.6084834273893616,1,1,1.4872871630484792,2.5344494329510203,False,False,True,True,False,False,True,False,False,False,True,False,True,False,True,False,True,False,True,False,False,True,0,0,0.07616564009850776,109.75
0,1,1,1.6084834273893616,1,0,-1.480979700582092,-0.39411316166771154,True,False,False,False,True,True,False,True,False,True,False,True,False,True,False,True,False,False,True,False,False,False,0,0,0.0017452132710979666,20.3
1,0,0,-1.2409180113122174,1,1,0.18981109409425545,-0.9464601986318512,False,False,False,True,False,False,False,False,False,False,False,False,False,False,False,False,False,False,False,False,True,False,1,1,0.7236629778372541,70.65
0,1,1,-0.38609757970174374,1,1,0.3441145140593994,-0.26170871425435827,False,False,False,True,False,False,False,False,False,False,True,False,False,False,False,False,False,False,False,True,False,False,0,1,0.36465419727578835,75.3
0,0,0,-1.1595065416350294,1,0,-1.459410405318147,-0.9714053281610943,False,False,False,False,True,True,False,True,False,True,False,True,False,True,False,True,False,False,False,False,False,False,1,0,0.15621619685611443,20.95
0,0,0,-0.019745966154397852,1,1,0.5116913464946635,0.13023916528823593,True,False,True,True,False,False,False,False,True,False,False,False,False,False,False,False,False,False,False,False,False,False,1,1,0.39946181401889885,80.35
0,0,0,0.14307697319997809,1,1,0.8202981864249524,0.46018622156817285,False,False,True,False,False,False,True,False,False,False,True,False,True,False,True,False,True,True,False,True,False,False,0,0,0.09443084988883532,89.65
0,0,0,-0.3453918448631497,1,1,-0.5053838840282764,-0.4743675889482495,True,False,False,False,False,False,False,False,True,False,False,False,False,False,False,False,False,False,False,False,False,True,0,0,0.21359348971401496,49.7
0,0,0,-1.0780950719578415,1,1,-0.5120205902633365,-0.8717125677557459,True,False,False,False,False,False,False,False,False,False,False,False,True,False,False,False,False,False,False,True,False,False,0,0,0.28982624158964043,49.5
0,1,1,-0.38609757970174374,1,0,-0.17354857227527792,-0.38838697098421776,True,False,True,False,False,False,False,False,True,False,False,False,True,False,False,False,False,False,True,False,False,True,0,0,0.039488921550110426,59.7
0,1,1,0.631545791263106,1,0,-1.469365464670737,-0.5451222439454433,False,False,False,False,True,True,False,True,False,True,False,True,False,True,False,True,False,False,True,False,False,False,0,0,0.005343131927125269,20.65
0,0,0,-0.1825689055087738,1,1,-0.33282952191671733,-0.34847915162300985,False,False,True,False,False,False,False,False,False,False,False,False,True,False,False,False,False,False,False,True,False,False,0,0,0.1841773192724372,54.9
1,0,0,0.7943687306174818,0,1,-0.5236348261746914,0.11038398303320945,True,True,False,False,False,False,False,False,True,False,False,False,False,False,True,False,True,False,False,False,True,False,1,0,0.276711344539744,49.15
0,0,0,-1.2002122764736234,1,1,0.33250027814804467,-0.9157230601353957,False,False,True,True,False,False,False,False,False,False,False,False,False,False,False,False,False,False,False,False,True,False,0,1,0.7455321366320463,74.95
0,0,0,-1.2409180113122174,1,0,0.5183280527297236,-0.9281407763302522,False,False,False,True,False,False,False,False,False,False,False,False,False,False,False,False,True,False,False,False,True,False,1,1,0.6615441113181749,80.55
0,0,0,-1.1595065416350294,1,0,-1.4925939364934466,-0.9789963702166072,True,False,False,False,True,True,False,True,False,True,False,True,False,True,False,True,False,True,False,False,False,True,0,0,0.09477342869090928,19.95
0,0,0,-1.1188008067964355,1,1,0.1582867394777205,-0.8698696558116329,True,False,False,True,False,False,False,False,False,False,False,False,False,False,False,False,False,False,False,False,True,False,1,1,0.6763133928872834,69.7
1,0,0,-1.2816237461508113,1,1,0.15496838636019022,-0.9783820662352362,False,False,False,True,False,False,False,False,False,False,False,False,False,False,False,False,False,False,False,False,True,False,1,1,0.7336623064985403,69.6
0,1,1,1.3642490183577978,1,1,-1.4992306427285067,-0.41897053348533037,True,False,False,False,True,True,False,True,False,True,False,True,False,True,False,True,False,False,True,False,False,True,0,0,0.0037188356882338785,19.75
0,1,0,0.7943687306174818,1,1,1.2533432682626153,1.245617740606789,False,False,True,True,False,False,False,False,True,False,False,False,True,False,True,False,True,False,False,True,False,False,0,0,0.3188809190772658,102.7
0,0,0,-1.2816237461508113,0,0,-1.3382905165283026,-0.9981275513507322,False,True,False,False,False,False,False,False,False,False,False,False,False,False,False,False,False,False,False,False,True,False,1,1,0.5617085933067791,24.6
0,0,0,0.1023712383613841,1,1,0.8053655973960674,0.4177114891419506,True,False,False,True,False,False,True,False,False,False,False,False,True,False,False,False,True,True,False,False,True,False,0,0,0.20106180470612736,89.2
0,1,0,-1.2002122764736234,1,1,-0.3029643438589475,-0.941106978222761,True,False,False,False,False,False,False,False,False,False,True,False,True,False,False,False,False,False,False,False,False,True,0,0,0.3276819197109615,55.8
1,0,0,1.3642490183577978,1,1,1.25832079793891,2.052396322998046,False,False,True,True,False,False,False,False,False,False,True,False,True,False,True,False,True,True,False,True,False,False,0,0,0.18510074823606226,102.85
0,0,0,1.0793088744876398,1,0,0.12510320830242067,0.7773645308067557,False,False,True,False,False,False,True,False,False,False,False,False,True,False,False,False,True,True,False,False,False,False,0,0,0.023959505624396707,68.7
0,1,1,0.7943687306174818,1,0,-1.3001294556767078,-0.4183781689318655,True,False,True,False,True,True,False,True,False,True,False,True,False,True,False,True,False,False,True,False,False,True,0,0,0.006831574806361475,25.75
0,0,0,-0.9966836022806536,1,1,0.2843841579438598,-0.7315196234357249,False,False,True,True,False,False,False,False,False,False,False,False,False,False,False,False,False,False,False,False,True,False,0,1,0.718842079906706,73.5
0,0,0,-1.1188008067964355,1,1,-0.3693314062095472,-0.8843277388017572,False,False,True,False,False,False,True,False,False,False,False,False,False,False,False,False,False,False,False,False,True,False,0,1,0.4468877341983442,53.8
0,0,0,-1.1595065416350294,0,1,-0.6762790695810708,-0.9324409041998489,True,True,False,False,False,False,False,False,False,False,False,False,False,False,True,False,True,False,False,False,True,False,1,1,0.7237493169046246,44.55
0,1,1,0.7129572609402939,1,1,0.18483356441796028,0.5209803762959943,True,False,True,False,False,False,True,False,False,False,False,False,True,False,True,False,False,False,True,True,False,False,0,0,0.020462010311250334,70.5
0,1,1,1.2014260790034217,1,0,1.4341935131679995,1.9860953718657919,True,False,False,True,False,False,True,False,True,False,True,False,True,False,True,False,True,False,True,False,False,True,0,0,0.03127996234939693,108.15
0,0,0,1.1607203441648277,1,0,-1.5091857020810966,-0.42254666023402576,False,False,False,False,True,True,False,True,False,True,False,True,False,True,False,True,False,True,False,False,False,False,0,0,0.0068648723642046345,19.45
0,1,1,0.9164859351332638,1,0,0.6825865320474579,1.0592642399723193,True,False,True,True,False,False,False,False,False,False,False,False,False,False,False,False,True,False,False,False,False,False,0,0,0.21678451887698644,85.5
0,0,0,-1.1188008067964355,1,0,-1.4892755833759168,-0.9669955031519668,True,False,False,False,True,True,False,True,False,True,False,True,False,True,False,True,False,False,False,True,False,False,0,0,0.1516059869415704,20.05
0,1,1,0.1023712383613841,1,1,-0.3311703453579522,-0.16820287251853205,False,False,False,False,False,False,True,False,False,False,False,False,True,False,False,False,False,True,False,False,False,False,0,0,0.034557037349253486,54.95
0,0,1,-0.4268033145403377,1,1,0.8020472442785371,-0.15354733467725282,True,False,True,True,False,False,False,False,True,False,False,False,False,False,True,False,False,False,False,True,False,False,0,1,0.486567201471125,89.1
0,0,0,0.9978974048104517,0,0,-0.38426399523843197,0.34695683414475686,True,True,False,False,False,False,False,False,False,False,True,False,True,False,True,False,True,False,True,True,False,False,0,0,0.027174818623551773,53.35
1,1,0,0.9978974048104517,1,1,1.0061259610066313,1.3724056944761789,True,False,True,True,False,False,False,False,True,False,True,False,False,False,False,False,True,False,False,False,False,False,1,0,0.335001199334454,95.25
0,1,0,1.2828375486806096,1,0,-1.5091857020810966,-0.4711205536181457,False,False,False,False,True,True,False,True,False,True,False,True,False,True,False,True,False,False,True,True,False,False,0,0,0.0030721977927028756,19.45
0,0,0,-0.2639803751859618,1,1,1.026036079711811,0.07723350746708232,False,False,False,True,False,False,True,False,False,False,True,False,True,False,False,False,True,True,False,False,False,False,0,0,0.17052614210225717,95.85
1,1,0,0.26519417771576004,1,0,1.1338825560315355,0.6926783390891843,False,False,False,True,False,False,True,False,True,False,False,False,False,False,True,False,True,True,False,False,False,True,0,0,0.1752831984783668,99.1
0,1,0,-0.5489205190561197,1,1,-0.17023021915774814,-0.5127177089281238,False,False,False,False,False,False,False,False,True,False,False,False,False,False,False,False,True,False,False,False,False,True,0,0,0.2996052686450846,59.8
0,1,0,-0.06045170099299184,1,0,0.9580098408024466,0.31600030136924034,True,False,True,True,False,False,False,False,True,False,True,False,False,False,True,False,False,False,False,False,True,False,1,1,0.49550543234959454,93.8
0,1,1,-1.0780950719578415,1,0,-1.4959122896109767,-0.9565742748965661,False,False,False,False,True,True,False,True,False,True,False,True,False,True,False,True,False,False,False,False,False,True,0,0,0.1316506145515823,19.85
0,0,0,0.7943687306174818,1,1,0.8136614801898924,0.9997425720630522,True,False,True,True,False,False,False,False,False,False,True,False,False,False,False,False,True,False,True,True,False,False,0,0,0.12489919345603279,89.45
0,1,1,0.8350744654560759,1,0,0.689223238282518,1.0165701132670362,True,False,True,False,False,False,True,False,False,False,True,False,True,False,True,False,True,False,False,False,True,False,0,0,0.09655162558281993,85.7
1,0,0,0.9571916699718578,1,1,1.560290931634139,1.8076181258496147,False,False,True,True,False,False,False,False,True,False,True,False,True,False,True,False,True,True,False,False,True,False,1,0,0.2846479342233462,111.95
0,1,1,0.9571916699718578,1,1,0.36236545620581423,0.8608440539894914,True,False,True,False,False,False,True,False,True,False,False,False,True,False,False,False,True,False,True,True,False,False,0,0,0.015136410484643656,75.85
0,1,1,0.6722515261016999,1,1,1.1571110278542456,1.1290535601416443,True,False,True,True,False,False,False,False,False,False,True,False,False,False,True,False,True,False,False,False,True,False,1,1,0.5032312673224488,99.8
0,0,1,0.26519417771576004,1,0,-1.3250171040581826,-0.5682244615305735,True,False,True,False,True,True,False,True,False,True,False,True,False,True,False,True,False,False,True,False,False,True,0,0,0.012082869196221693,25.0
0,1,1,1.1607203441648277,1,1,1.135541732590301,1.6282194238613816,False,False,True,True,False,False,False,False,True,False,False,False,False,False,True,False,True,False,False,False,True,False,1,1,0.38320018226843083,99.15
0,1,0,0.428017117070136,0,0,-1.026365323480484,-0.3483913939113855,False,True,False,False,False,False,True,False,False,False,False,False,True,False,False,False,False,False,False,False,False,False,0,0,0.06164781653096752,34.0
0,0,0,-1.1188008067964355,1,0,-1.5058673489635668,-0.9652184094915722,False,False,False,False,True,True,False,True,False,True,False,True,False,True,False,True,False,True,False,False,True,False,0,0,0.11878653141630506,19.55
0,0,0,-0.8745663977648716,1,0,-1.480979700582092,-0.9008481280150554,False,False,False,False,True,True,False,True,False,True,False,True,False,True,False,True,False,False,False,False,False,False,0,0,0.11945910579862332,20.3
0,0,0,-1.2409180113122174,1,0,-1.3299946337344775,-0.9817168592769644,True,False,True,False,True,True,False,True,False,True,False,True,False,True,False,True,False,False,False,False,False,True,0,0,0.2339504225376196,24.85
0,0,0,-0.7931549280876836,1,1,1.0525829046520514,-0.46284938929754355,False,False,True,True,False,False,True,False,True,False,False,False,False,False,True,False,False,False,False,False,True,False,1,1,0.5980172855072874,96.65
0,1,1,1.6084834273893616,1,0,0.5332606417586087,1.5141124593217212,True,False,True,False,False,False,True,False,True,False,True,False,True,False,False,False,True,False,True,True,False,False,0,0,0.006241849821477701,81.0
1,0,0,0.5501343215859179,1,1,0.13837662077254032,0.41948858280234513,False,False,True,False,False,False,False,False,False,False,True,False,True,False,False,False,True,True,False,True,False,False,0,0,0.08678355453162896,69.1
0,1,0,1.5677776925507676,1,1,1.4474669256381192,2.332891908777619,True,False,True,True,False,False,True,False,False,False,True,False,True,False,True,False,True,False,True,True,False,False,0,0,0.05938350710927032,108.55
0,0,0,0.14307697319997809,1,1,0.7506127709568226,0.34171331087519724,False,False,False,True,False,False,False,False,False,False,True,False,True,False,False,False,True,False,False,False,True,False,1,1,0.40136494996729466,87.55
0,1,0,1.2828375486806096,1,1,1.4458077490793544,2.0103165002741337,True,False,True,True,False,False,True,False,False,False,True,False,True,False,True,False,True,True,False,False,False,True,0,0,0.13693266264854775,108.5
0,0,0,-1.2816237461508113,1,0,0.3441145140593994,-0.9758809714539399,False,False,False,True,False,False,True,False,False,False,False,False,False,False,False,False,False,False,False,False,False,True,1,1,0.4363925738961688,75.3
0,1,0,-0.7117434584104956,1,1,0.642766294637098,-0.43481080043353926,False,False,False,True,False,False,False,False,False,False,True,False,False,False,True,False,False,False,False,False,True,False,1,1,0.6544028095767301,84.3
0,1,0,0.14307697319997809,1,0,-1.4909347599346818,-0.7163594787526052,True,False,False,False,True,True,False,True,False,True,False,True,False,True,False,True,False,True,False,False,False,True,0,0,0.023336037921696914,20.0
0,1,1,-1.0780950719578415,0,0,-0.8090131942822701,-0.9134852384889729,False,True,False,False,False,False,False,False,True,False,True,False,True,False,False,False,False,False,True,False,False,True,0,0,0.08318829717981228,40.55
0,1,0,-0.10115743583158582,1,1,-0.4954288246756865,-0.36175250550620436,True,False,False,False,False,False,False,False,False,False,True,False,False,False,False,False,False,False,False,False,False,True,0,0,0.19693907083828552,50.0
0,0,0,-1.2816237461508113,1,1,-0.168571042598983,-0.982660254676927,True,False,True,False,False,False,False,False,False,False,False,False,False,False,True,False,False,False,False,False,True,False,1,1,0.6434418353663869,59.85
0,0,0,-0.7931549280876836,1,1,0.5282831120823135,-0.5663157313027422,True,False,False,True,False,False,False,False,False,False,False,False,False,False,False,False,True,False,False,False,True,False,1,1,0.6655879641101389,80.85
0,1,1,1.1607203441648277,1,0,-1.477661347464562,-0.470769522771648,True,False,False,False,True,True,False,True,False,True,False,True,False,True,False,True,False,True,False,False,False,True,0,0,0.005961654483724419,20.4
0,1,1,1.6084834273893616,1,1,1.4192609241391145,2.466195872735123,True,False,True,True,False,False,True,False,True,False,False,False,True,False,True,False,True,False,True,True,False,False,0,0,0.043753278578836347,107.7
0,1,1,1.4049547531963917,1,0,0.3009759235315097,1.1272764664812496,False,False,True,False,False,False,True,False,True,False,False,False,True,False,True,False,False,False,True,True,False,False,0,0,0.0069495836115319835,74.0
0,0,0,0.06166550352279012,1,1,0.4984179340245439,0.18778628468595354,False,False,False,False,False,False,True,False,False,False,True,False,True,False,True,False,True,True,False,False,False,False,0,0,0.07637611116190547,79.95
0,1,0,1.6084834273893616,1,0,-1.4743429943470319,-0.3497516384415641,False,False,False,False,True,True,False,True,False,True,False,True,False,True,False,True,False,False,True,True,False,False,0,0,0.002142015128971877,20.5
0,1,0,0.5501343215859179,1,0,0.02389343821775623,0.32813280500131736,True,False,False,False,False,False,True,False,True,False,True,False,True,False,False,False,False,False,True,False,False,True,0,0,0.010627271610402,65.65
0,0,0,-1.0373893371192475,1,1,0.3374778078243394,-0.7662936166669038,False,False,True,True,False,False,False,False,False,False,False,False,False,False,False,False,False,False,False,False,False,False,1,1,0.6350634599950178,75.1
1,0,0,-1.0373893371192475,1,0,0.38227557491099445,-0.787947832010231,False,False,False,True,False,False,True,False,False,False,False,False,False,False,False,False,False,False,False,False,False,False,1,1,0.39761299223680285,76.45
0,1,0,1.6084834273893616,1,1,0.0952380302446506,1.0993036959009637,True,False,True,False,False,False,True,False,True,False,True,False,True,False,False,False,False,False,True,False,False,False,0,0,0.007872986342288635,67.8
0,1,1,-0.019745966154397852,1,1,0.7024966507526377,0.1862285853046199,False,False,False,True,False,False,False,False,True,False,False,False,False,False,True,False,False,False,False,False,True,False,0,1,0.4290201290956349,86.1
0,0,0,0.26519417771576004,1,1,-0.36767222965078206,-0.04327977002116121,True,False,True,False,False,False,False,False,False,False,False,False,True,False,False,False,False,False,True,True,False,False,0,0,0.04041918554274604,53.85
0,1,1,0.590840056424512,1,1,1.034331962505636,0.917996263684899,True,False,False,True,False,False,True,False,True,False,True,False,False,False,False,False,True,True,False,False,True,False,0,0,0.14147557351159876,96.1
1,1,0,0.7129572609402939,1,1,0.9994892547715714,1.136183874211129,False,False,True,True,False,False,False,False,True,False,True,False,False,False,True,False,False,False,False,False,True,False,1,1,0.48123799230995645,95.05
0,1,1,1.0386031396490458,1,1,-1.5058673489635668,-0.5223929966347168,True,False,False,False,True,True,False,True,False,True,False,True,False,True,False,True,False,True,False,False,True,False,0,0,0.013494715091534354,19.55
0,0,0,0.346605647392948,1,1,0.5432157011111984,0.3910989630918433,False,False,True,True,False,False,True,False,False,False,False,False,False,False,False,False,False,False,False,True,False,False,0,0,0.2609354424140295,81.3
1,1,0,-1.1595065416350294,1,1,0.6079235869030333,-0.8737529345510139,False,False,True,True,False,False,False,False,False,False,False,False,False,False,True,False,False,False,False,False,True,False,0,1,0.8118980076261864,83.25
0,1,1,-0.019745966154397852,1,0,-0.11713656927726834,-0.19073466497810349,False,False,False,False,False,False,True,False,True,False,False,False,True,False,False,False,False,False,False,False,False,False,0,0,0.04422100980664399,61.4
0,0,0,-1.2816237461508113,1,0,-1.466047111553207,-0.9998168872995024,True,False,False,False,True,True,False,True,False,True,False,True,False,True,False,True,False,False,False,True,False,False,0,0,0.1757329901839092,20.75
0,0,0,-0.5489205190561197,1,0,-1.5025489958460367,-0.851769627789095,True,False,False,False,True,True,False,True,False,True,False,True,False,True,False,True,False,False,True,False,False,True,0,0,0.027055445164891553,19.65
1,1,0,1.2014260790034217,1,1,1.3246878602895098,1.761106538688669,False,False,True,True,False,False,True,False,False,False,True,False,False,False,True,False,True,True,False,False,True,False,0,0,0.25424829556420214,104.85
0,0,0,-1.2816237461508113,1,0,0.3042942766490395,-0.9764075177236866,False,False,False,False,False,False,False,False,False,False,True,False,True,False,True,False,True,True,False,True,False,False,0,0,0.20199760920032167,74.1
0,0,0,-0.8338606629262776,1,1,-0.10884068648344337,-0.6957364165208649,False,False,True,False,False,False,True,False,False,False,True,False,True,False,False,False,False,False,False,False,False,True,1,0,0.23676341498991893,61.65
0,1,0,0.631545791263106,0,1,-0.6513914211995958,-0.06772029270856388,False,True,False,False,False,False,True,False,False,False,True,False,False,False,False,False,True,False,False,False,False,False,1,0,0.12724132220376344,45.3
0,0,1,-1.2002122764736234,1,1,-0.014267622633838777,-0.9310806596696704,False,False,False,False,False,False,True,False,False,False,False,False,True,False,False,False,True,False,False,False,False,False,0,0,0.23003711725536444,64.5
0,1,0,0.30589991255435406,1,1,0.4619160497317138,0.3631042530836512,False,False,True,True,False,False,False,False,False,False,False,False,True,False,False,False,False,False,False,True,False,False,0,0,0.29014753469560073,78.85
0,0,0,-0.5489205190561197,0,1,-1.3200395743818876,-0.8034151286840362,True,True,False,False,False,False,False,False,False,False,False,False,False,False,False,False,False,False,False,False,False,False,0,1,0.35966086757413634,25.15
0,0,0,-1.2816237461508113,1,1,0.17653768162413533,-0.9780968536724568,False,False,False,True,False,False,False,False,False,False,False,False,False,False,False,False,False,False,False,False,True,False,1,1,0.7017113955000089,70.25
0,1,1,1.4049547531963917,1,1,-1.3283354571757127,-0.2716472750958246,False,False,True,False,True,True,False,True,False,True,False,True,False,True,False,True,False,False,True,False,False,True,0,0,0.004954007606420926,24.9
0,1,1,-0.6710377235719016,1,0,1.1869762059120157,-0.34077841242796647,False,False,False,True,False,False,True,False,False,False,True,False,False,False,True,False,True,False,False,False,False,False,0,1,0.3574818144163551,100.7
0,0,0,-1.2816237461508113,1,1,-1.5058673489635668,-1.0003434335692487,False,False,False,False,True,True,False,True,False,True,False,True,False,True,False,True,False,False,False,False,False,True,0,0,0.2552784805053087,19.55
0,0,1,-0.4675090493789317,0,0,-0.39090070147349204,-0.4897471279104302,False,True,False,False,False,False,True,False,True,False,True,False,True,False,True,False,False,False,True,False,False,True,0,0,0.041672754033697836,53.15
1,1,1,-0.1418631706701798,0,1,-0.9716124970412393,-0.5590976595216332,False,True,False,False,False,False,False,False,True,False,True,False,False,False,False,False,False,False,False,False,False,True,0,0,0.23528877064896947,35.65
1,1,1,-0.5082147842175256,1,0,0.9746016063900964,-0.21107251464706434,True,False,False,True,False,False,True,False,False,False,True,False,True,False,False,False,True,True,False,True,False,False,0,0,0.13776300961934634,94.3
0,1,0,-0.7931549280876836,1,0,0.9679649001550363,-0.4755303786272732,False,False,True,True,False,False,False,False,True,False,True,False,False,False,True,False,False,False,False,False,True,False,1,1,0.6130751886264336,94.1
0,1,1,-0.9559778674420595,0,1,-1.1607586247404482,-0.8996853383360319,True,True,False,False,False,False,False,False,True,False,False,False,False,False,False,False,False,False,False,False,True,False,1,1,0.47592302780060713,29.95
0,1,0,0.7536629957788878,1,1,0.6079235869030333,0.7854821191320152,True,False,False,False,False,False,True,False,True,False,True,False,True,False,True,False,True,False,True,True,False,False,0,0,0.021856058223698755,83.25
0,1,1,1.1200146093262338,1,1,0.4685527559667738,1.0373248120662126,True,False,False,False,False,False,True,False,True,False,False,False,True,False,True,False,True,False,False,True,False,False,0,0,0.046998670408220915,79.05
1,0,0,-0.5082147842175256,1,1,0.47187110908430413,-0.3415682318325863,False,False,True,True,False,False,True,False,False,False,False,False,False,False,False,False,False,False,False,False,True,False,1,1,0.5601487076906184,79.15
0,0,0,-0.9559778674420595,0,1,-1.003136851657774,-0.8789964578205733,True,True,False,False,False,False,False,False,False,False,False,False,False,False,True,False,False,False,False,True,False,False,1,1,0.5252345967699208,34.7
1,1,0,-0.9966836022806536,1,1,0.5216464058472539,-0.7310369560217905,False,False,True,True,False,False,False,False,True,False,False,False,False,False,False,False,False,False,False,True,False,False,1,1,0.6200895761292249,80.65
0,1,0,1.2421318138420157,1,0,0.4934404043482487,1.199961791134181,True,False,True,False,False,False,False,False,False,False,True,False,True,False,True,False,True,False,True,True,False,False,0,0,0.023851901313598885,79.8
0,1,1,-0.9152721326034655,1,1,0.03218932101158119,-0.7192993620920235,False,False,False,False,False,False,False,False,True,False,True,False,False,False,False,False,True,True,False,False,False,True,0,0,0.18705962151239655,65.9
0,0,0,-1.2002122764736234,1,1,0.16658262227154547,-0.9121908122425126,False,False,False,False,False,False,False,False,False,False,True,False,False,False,True,False,True,True,False,False,True,False,0,1,0.4277960115565645,69.95
0,1,1,0.46872285190873,1,0,-1.4710246412295018,-0.6026035450594425,True,False,False,False,True,True,False,True,False,True,False,True,False,True,False,True,False,True,False,False,False,False,0,0,0.012116029280775497,20.6
0,1,1,-0.9966836022806536,1,1,-0.4522902341477968,-0.8283163793574672,True,False,False,False,False,False,True,False,False,False,False,False,False,False,False,False,False,False,False,True,False,False,0,0,0.2213897999602456,51.3
0,1,1,1.1607203441648277,1,1,1.3628489211411048,1.8641340921357459,True,False,True,True,False,False,True,False,True,False,False,False,False,False,True,False,True,True,False,False,True,False,1,0,0.18693631224199792,106.0
0,1,1,0.428017117070136,1,1,1.1405192622665956,0.838356140385732,False,False,True,True,False,False,False,False,False,False,True,False,False,False,True,False,True,False,False,False,False,False,0,1,0.4405393684359078,99.3
0,1,0,0.428017117070136,1,1,-0.28471340171253245,0.04028751087319891,True,False,False,False,False,False,False,False,False,False,False,False,False,False,True,False,False,True,False,False,False,True,0,0,0.09120378978889294,56.35
0,0,0,-1.1188008067964355,1,1,-0.47551870597050655,-0.8992465497779097,False,False,True,False,False,False,False,False,False,False,False,False,False,False,False,False,False,False,False,False,False,True,1,1,0.4667102155266953,50.6
0,1,1,-0.1418631706701798,1,0,0.1367174442137754,-0.14957629822624754,True,False,True,False,False,False,True,False,False,False,False,False,True,False,True,False,False,True,False,False,False,False,0,0,0.05475131946001761,69.05
1,1,0,0.8757802002946699,1,1,1.1322233794727707,1.3147708173668367,True,False,True,True,False,False,False,False,False,False,True,False,False,False,True,False,True,False,False,True,False,False,0,1,0.4569204628929363,99.05
0,1,0,0.7129572609402939,1,1,1.1056765545325309,1.123020217467465,True,False,True,True,False,False,False,False,True,False,False,False,False,False,True,False,True,True,False,False,True,False,0,1,0.3537097684259627,98.25
0,0,0,1.4456604880349857,1,1,0.7705228896620027,1.6889477603054845,False,False,True,False,False,False,True,False,True,False,True,False,True,False,True,False,True,False,True,False,True,False,0,0,0.02826498512637826,88.15
1,1,1,-1.2816237461508113,1,1,0.14335415044883548,-0.9785356422305789,False,False,False,True,False,False,False,False,False,False,False,False,False,False,False,False,False,False,False,False,True,False,1,1,0.6930585168224761,69.25
0,1,1,1.6084834273893616,1,1,1.4391710428442943,2.3608208005020925,False,False,False,True,False,False,True,False,True,False,True,False,True,False,True,False,True,False,True,False,False,False,0,0,0.029962171990040476,108.3
0,0,0,0.9164859351332638,1,1,0.2711107454737397,0.8098129446798873,False,False,True,True,False,False,False,False,False,False,False,False,False,False,False,False,False,False,False,False,True,False,0,0,0.34372997327293153,73.1
0,0,0,-1.2002122764736234,1,1,0.1781968581829002,-0.9122127516704187,True,False,False,True,False,False,False,False,False,False,False,False,False,False,False,False,False,False,False,False,False,True,0,1,0.6216789265535584,70.3
0,0,0,-1.2816237461508113,1,0,-1.5224591145512167,-1.0005628278483099,True,False,False,False,True,True,False,True,False,True,False,True,False,True,False,True,False,False,False,False,False,True,0,0,0.19516812295104338,19.05
0,1,1,-1.0373893371192475,1,0,-1.4959122896109767,-0.9456703792272312,False,False,False,False,True,True,False,True,False,True,False,True,False,True,False,True,False,False,True,False,False,True,0,0,0.037483021809586896,19.85
1,0,0,-0.9559778674420595,1,1,0.6460846477546283,-0.687509131056075,True,False,True,True,False,False,False,False,False,False,False,False,False,False,False,False,True,False,False,True,False,False,1,1,0.7047214117922266,84.4
0,0,0,0.18378270803857208,0,0,-0.9666349673649444,-0.43108109768950115,True,True,False,False,False,False,False,False,False,False,False,False,False,False,True,False,False,False,True,True,False,False,0,0,0.057299515144715416,35.8
0,1,1,1.2014260790034217,1,0,0.7024966507526377,1.2794702778659113,True,False,False,False,False,False,True,False,True,False,True,False,True,False,True,False,True,False,True,False,True,False,0,0,0.012940717028792697,86.1
0,1,1,0.9571916699718578,1,1,-0.12045492239479837,0.4596157964426142,False,False,False,False,False,False,True,False,True,False,True,False,False,False,False,False,False,False,True,True,False,False,0,0,0.010101952124508635,61.3
0,1,1,-0.22327464034736777,1,0,-1.3416088696458326,-0.6745868080193782,False,False,True,False,True,True,False,True,False,True,False,True,False,True,False,True,False,False,True,False,True,False,0,0,0.02859615255884958,24.5
0,1,1,0.6722515261016999,1,1,0.7389985350454678,0.897614535160126,False,False,False,False,False,False,True,False,True,False,True,False,True,False,True,False,True,True,False,False,False,True,0,0,0.038609127505458425,87.2
0,1,1,-0.1825689055087738,1,1,-1.480979700582092,-0.7948148729448423,True,False,False,False,True,True,False,True,False,True,False,True,False,True,False,True,False,False,True,True,False,False,0,0,0.018784244422021413,20.3
0,0,0,-1.1188008067964355,1,0,-1.469365464670737,-0.9678730802682111,True,False,False,False,True,True,False,True,False,True,False,True,False,True,False,True,False,False,False,False,False,False,0,0,0.1530543977580672,20.65
0,0,0,0.9571916699718578,1,0,-1.5008898192872717,-0.5473600655918661,False,False,False,False,True,True,False,True,False,True,False,True,False,True,False,True,False,False,True,False,False,False,0,0,0.0044152019541563,19.7
0,1,1,1.6084834273893616,1,1,0.18317438785919538,1.2577283048109595,False,False,True,False,False,False,True,False,True,False,True,False,True,False,False,False,False,False,True,False,False,False,0,0,0.006427656881839396,70.45
